{"_id":"ACTA","AffilitationId":"ACTA","AffName":"Association of Canadian Travel Agents","AffDesc":null}
{"_id":"ACTANEW","AffilitationId":"ACTANEW","AffName":null,"AffDesc":null}
{"_id":"ACTANEWP","AffilitationId":"ACTANEWP","AffName":null,"AffDesc":null}
{"_id":"ACTAPGY","AffilitationId":"ACTAPGY","AffName":null,"AffDesc":null}
{"_id":"NEW","AffilitationId":"NEW","AffName":null,"AffDesc":null}
{"_id":"NEWPGY","AffilitationId":"NEWPGY","AffName":null,"AffDesc":null}
{"_id":"PGY","AffilitationId":"PGY","AffName":null,"AffDesc":null}
