{"_id":{"$numberInt":"11"},"BookingId":{"$numberInt":"11"},"BookingDate":{"$date":{"$numberLong":"980899200000"}},"BookingNo":"DFS3","TravelerCount":{"$numberInt":"1"},"CustomerId":{"$numberInt":"143"},"TripTypeId":"B","PackageId":null}
{"_id":{"$numberInt":"15"},"BookingId":{"$numberInt":"15"},"BookingDate":{"$date":{"$numberLong":"983750400000"}},"BookingNo":"WDR898","TravelerCount":{"$numberInt":"1"},"CustomerId":{"$numberInt":"135"},"TripTypeId":"L","PackageId":null}
{"_id":{"$numberInt":"17"},"BookingId":{"$numberInt":"17"},"BookingDate":{"$date":{"$numberLong":"983836800000"}},"BookingNo":"FES3","TravelerCount":{"$numberInt":"1"},"CustomerId":{"$numberInt":"143"},"TripTypeId":"B","PackageId":null}
{"_id":{"$numberInt":"34"},"BookingId":{"$numberInt":"34"},"BookingDate":{"$date":{"$numberLong":"985392000000"}},"BookingNo":"S935","TravelerCount":{"$numberInt":"2"},"CustomerId":{"$numberInt":"138"},"TripTypeId":"G","PackageId":null}
{"_id":{"$numberInt":"46"},"BookingId":{"$numberInt":"46"},"BookingDate":{"$date":{"$numberLong":"985910400000"}},"BookingNo":"SKJ329","TravelerCount":{"$numberInt":"2"},"CustomerId":{"$numberInt":"133"},"TripTypeId":"L","PackageId":null}
{"_id":{"$numberInt":"49"},"BookingId":{"$numberInt":"49"},"BookingDate":{"$date":{"$numberLong":"985996800000"}},"BookingNo":"S943","TravelerCount":{"$numberInt":"2"},"CustomerId":{"$numberInt":"114"},"TripTypeId":"G","PackageId":null}
{"_id":{"$numberInt":"52"},"BookingId":{"$numberInt":"52"},"BookingDate":{"$date":{"$numberLong":"986083200000"}},"BookingNo":"S934","TravelerCount":{"$numberInt":"2"},"CustomerId":{"$numberInt":"133"},"TripTypeId":"B","PackageId":null}
{"_id":{"$numberInt":"55"},"BookingId":{"$numberInt":"55"},"BookingDate":{"$date":{"$numberLong":"986256000000"}},"BookingNo":"SDFJ3982","TravelerCount":{"$numberInt":"2"},"CustomerId":{"$numberInt":"133"},"TripTypeId":"G","PackageId":null}
{"_id":{"$numberInt":"57"},"BookingId":{"$numberInt":"57"},"BookingDate":{"$date":{"$numberLong":"997228800000"}},"BookingNo":"FJKD344","TravelerCount":{"$numberInt":"2"},"CustomerId":{"$numberInt":"130"},"TripTypeId":"L","PackageId":null}
{"_id":{"$numberInt":"62"},"BookingId":{"$numberInt":"62"},"BookingDate":{"$date":{"$numberLong":"1006646400000"}},"BookingNo":"SCR39","TravelerCount":{"$numberInt":"2"},"CustomerId":{"$numberInt":"130"},"TripTypeId":"G","PackageId":null}
{"_id":{"$numberInt":"65"},"BookingId":{"$numberInt":"65"},"BookingDate":{"$date":{"$numberLong":"1008547200000"}},"BookingNo":"HK777","TravelerCount":{"$numberInt":"1"},"CustomerId":{"$numberInt":"143"},"TripTypeId":"L","PackageId":null}
{"_id":{"$numberInt":"73"},"BookingId":{"$numberInt":"73"},"BookingDate":{"$date":{"$numberLong":"1012089600000"}},"BookingNo":"SW34","TravelerCount":{"$numberInt":"1"},"CustomerId":{"$numberInt":"143"},"TripTypeId":"L","PackageId":null}
{"_id":{"$numberInt":"79"},"BookingId":{"$numberInt":"79"},"BookingDate":{"$date":{"$numberLong":"1013472000000"}},"BookingNo":"MKI333","TravelerCount":{"$numberInt":"2"},"CustomerId":{"$numberInt":"120"},"TripTypeId":"G","PackageId":null}
{"_id":{"$numberInt":"80"},"BookingId":{"$numberInt":"80"},"BookingDate":{"$date":{"$numberLong":"1013558400000"}},"BookingNo":"MKI334","TravelerCount":{"$numberInt":"2"},"CustomerId":{"$numberInt":"122"},"TripTypeId":"L","PackageId":null}
{"_id":{"$numberInt":"84"},"BookingId":{"$numberInt":"84"},"BookingDate":{"$date":{"$numberLong":"1013731200000"}},"BookingNo":"KK890","TravelerCount":{"$numberInt":"2"},"CustomerId":{"$numberInt":"120"},"TripTypeId":"B","PackageId":null}
{"_id":{"$numberInt":"89"},"BookingId":{"$numberInt":"89"},"BookingDate":{"$date":{"$numberLong":"1015113600000"}},"BookingNo":"DF344","TravelerCount":{"$numberInt":"1"},"CustomerId":{"$numberInt":"109"},"TripTypeId":"L","PackageId":null}
{"_id":{"$numberInt":"98"},"BookingId":{"$numberInt":"98"},"BookingDate":{"$date":{"$numberLong":"1016755200000"}},"BookingNo":"JI8787","TravelerCount":{"$numberInt":"1"},"CustomerId":{"$numberInt":"143"},"TripTypeId":"B","PackageId":null}
{"_id":{"$numberInt":"108"},"BookingId":{"$numberInt":"108"},"BookingDate":{"$date":{"$numberLong":"1017878400000"}},"BookingNo":"MKI338","TravelerCount":{"$numberInt":"2"},"CustomerId":{"$numberInt":"138"},"TripTypeId":"L","PackageId":null}
{"_id":{"$numberInt":"124"},"BookingId":{"$numberInt":"124"},"BookingDate":{"$date":{"$numberLong":"1020038400000"}},"BookingNo":"SJKDK89","TravelerCount":{"$numberInt":"2"},"CustomerId":{"$numberInt":"114"},"TripTypeId":"G","PackageId":null}
{"_id":{"$numberInt":"138"},"BookingId":{"$numberInt":"138"},"BookingDate":{"$date":{"$numberLong":"1022544000000"}},"BookingNo":"HJK78","TravelerCount":{"$numberInt":"1"},"CustomerId":{"$numberInt":"109"},"TripTypeId":"L","PackageId":null}
{"_id":{"$numberInt":"141"},"BookingId":{"$numberInt":"141"},"BookingDate":{"$date":{"$numberLong":"1022889600000"}},"BookingNo":"KL888","TravelerCount":{"$numberInt":"1"},"CustomerId":{"$numberInt":"143"},"TripTypeId":"B","PackageId":null}
{"_id":{"$numberInt":"148"},"BookingId":{"$numberInt":"148"},"BookingDate":{"$date":{"$numberLong":"1025222400000"}},"BookingNo":"LJ888","TravelerCount":{"$numberInt":"2"},"CustomerId":{"$numberInt":"133"},"TripTypeId":"B","PackageId":null}
{"_id":{"$numberInt":"152"},"BookingId":{"$numberInt":"152"},"BookingDate":{"$date":{"$numberLong":"1029369600000"}},"BookingNo":"WS343","TravelerCount":{"$numberInt":"2"},"CustomerId":{"$numberInt":"130"},"TripTypeId":"G","PackageId":null}
{"_id":{"$numberInt":"156"},"BookingId":{"$numberInt":"156"},"BookingDate":{"$date":{"$numberLong":"1032739200000"}},"BookingNo":"JKKO9","TravelerCount":{"$numberInt":"1"},"CustomerId":{"$numberInt":"143"},"TripTypeId":"B","PackageId":null}
{"_id":{"$numberInt":"161"},"BookingId":{"$numberInt":"161"},"BookingDate":{"$date":{"$numberLong":"1033084800000"}},"BookingNo":"SG4SD","TravelerCount":{"$numberInt":"1"},"CustomerId":{"$numberInt":"105"},"TripTypeId":"B","PackageId":null}
{"_id":{"$numberInt":"162"},"BookingId":{"$numberInt":"162"},"BookingDate":{"$date":{"$numberLong":"1033171200000"}},"BookingNo":"GFRER4","TravelerCount":{"$numberInt":"1"},"CustomerId":{"$numberInt":"109"},"TripTypeId":"B","PackageId":null}
{"_id":{"$numberInt":"172"},"BookingId":{"$numberInt":"172"},"BookingDate":{"$date":{"$numberLong":"1033603200000"}},"BookingNo":"FGFD64","TravelerCount":{"$numberInt":"1"},"CustomerId":{"$numberInt":"104"},"TripTypeId":"L","PackageId":null}
{"_id":{"$numberInt":"187"},"BookingId":{"$numberInt":"187"},"BookingDate":{"$date":{"$numberLong":"915148800000"}},"BookingNo":"ZAQ344","TravelerCount":{"$numberInt":"1"},"CustomerId":{"$numberInt":"109"},"TripTypeId":"B","PackageId":null}
{"_id":{"$numberInt":"199"},"BookingId":{"$numberInt":"199"},"BookingDate":{"$date":{"$numberLong":"916358400000"}},"BookingNo":"JSD39","TravelerCount":{"$numberInt":"1"},"CustomerId":{"$numberInt":"143"},"TripTypeId":"L","PackageId":null}
{"_id":{"$numberInt":"204"},"BookingId":{"$numberInt":"204"},"BookingDate":{"$date":{"$numberLong":"916617600000"}},"BookingNo":"XVV67","TravelerCount":{"$numberInt":"1"},"CustomerId":{"$numberInt":"141"},"TripTypeId":"L","PackageId":null}
{"_id":{"$numberInt":"220"},"BookingId":{"$numberInt":"220"},"BookingDate":{"$date":{"$numberLong":"917568000000"}},"BookingNo":"BCV5","TravelerCount":{"$numberInt":"1"},"CustomerId":{"$numberInt":"127"},"TripTypeId":"L","PackageId":null}
{"_id":{"$numberInt":"226"},"BookingId":{"$numberInt":"226"},"BookingDate":{"$date":{"$numberLong":"919382400000"}},"BookingNo":"DS3DF","TravelerCount":{"$numberInt":"1"},"CustomerId":{"$numberInt":"143"},"TripTypeId":"B","PackageId":null}
{"_id":{"$numberInt":"228"},"BookingId":{"$numberInt":"228"},"BookingDate":{"$date":{"$numberLong":"919468800000"}},"BookingNo":"KF83","TravelerCount":{"$numberInt":"1"},"CustomerId":{"$numberInt":"119"},"TripTypeId":"B","PackageId":null}
{"_id":{"$numberInt":"263"},"BookingId":{"$numberInt":"263"},"BookingDate":{"$date":{"$numberLong":"921628800000"}},"BookingNo":"CBB34","TravelerCount":{"$numberInt":"2"},"CustomerId":{"$numberInt":"120"},"TripTypeId":"B","PackageId":null}
{"_id":{"$numberInt":"264"},"BookingId":{"$numberInt":"264"},"BookingDate":{"$date":{"$numberLong":"921715200000"}},"BookingNo":"SDF890","TravelerCount":{"$numberInt":"1"},"CustomerId":{"$numberInt":"135"},"TripTypeId":"L","PackageId":null}
{"_id":{"$numberInt":"266"},"BookingId":{"$numberInt":"266"},"BookingDate":{"$date":{"$numberLong":"921715200000"}},"BookingNo":"AZX24","TravelerCount":{"$numberInt":"2"},"CustomerId":{"$numberInt":"135"},"TripTypeId":"B","PackageId":null}
{"_id":{"$numberInt":"273"},"BookingId":{"$numberInt":"273"},"BookingDate":{"$date":{"$numberLong":"921974400000"}},"BookingNo":"DGG33","TravelerCount":{"$numberInt":"2"},"CustomerId":{"$numberInt":"122"},"TripTypeId":"B","PackageId":null}
{"_id":{"$numberInt":"287"},"BookingId":{"$numberInt":"287"},"BookingDate":{"$date":{"$numberLong":"924134400000"}},"BookingNo":"7898797","TravelerCount":{"$numberInt":"1"},"CustomerId":{"$numberInt":"141"},"TripTypeId":"L","PackageId":null}
{"_id":{"$numberInt":"305"},"BookingId":{"$numberInt":"305"},"BookingDate":{"$date":{"$numberLong":"924652800000"}},"BookingNo":"XC2","TravelerCount":{"$numberInt":"1"},"CustomerId":{"$numberInt":"127"},"TripTypeId":"B","PackageId":null}
{"_id":{"$numberInt":"312"},"BookingId":{"$numberInt":"312"},"BookingDate":{"$date":{"$numberLong":"925257600000"}},"BookingNo":"SDSD33","TravelerCount":{"$numberInt":"1"},"CustomerId":{"$numberInt":"130"},"TripTypeId":"L","PackageId":null}
{"_id":{"$numberInt":"313"},"BookingId":{"$numberInt":"313"},"BookingDate":{"$date":{"$numberLong":"925344000000"}},"BookingNo":"SD46","TravelerCount":{"$numberInt":"1"},"CustomerId":{"$numberInt":"120"},"TripTypeId":"B","PackageId":null}
{"_id":{"$numberInt":"322"},"BookingId":{"$numberInt":"322"},"BookingDate":{"$date":{"$numberLong":"927763200000"}},"BookingNo":"FJSDKL833","TravelerCount":{"$numberInt":"1"},"CustomerId":{"$numberInt":"143"},"TripTypeId":"B","PackageId":null}
{"_id":{"$numberInt":"325"},"BookingId":{"$numberInt":"325"},"BookingDate":{"$date":{"$numberLong":"928281600000"}},"BookingNo":"HJJK77","TravelerCount":{"$numberInt":"1"},"CustomerId":{"$numberInt":"121"},"TripTypeId":"B","PackageId":null}
{"_id":{"$numberInt":"369"},"BookingId":{"$numberInt":"369"},"BookingDate":{"$date":{"$numberLong":"934934400000"}},"BookingNo":"KJ392","TravelerCount":{"$numberInt":"1"},"CustomerId":{"$numberInt":"104"},"TripTypeId":"L","PackageId":null}
{"_id":{"$numberInt":"375"},"BookingId":{"$numberInt":"375"},"BookingDate":{"$date":{"$numberLong":"935193600000"}},"BookingNo":"SDJF382","TravelerCount":{"$numberInt":"1"},"CustomerId":{"$numberInt":"104"},"TripTypeId":"L","PackageId":null}
{"_id":{"$numberInt":"381"},"BookingId":{"$numberInt":"381"},"BookingDate":{"$date":{"$numberLong":"935366400000"}},"BookingNo":"JDKJF8343","TravelerCount":{"$numberInt":"1"},"CustomerId":{"$numberInt":"104"},"TripTypeId":"L","PackageId":null}
{"_id":{"$numberInt":"382"},"BookingId":{"$numberInt":"382"},"BookingDate":{"$date":{"$numberLong":"935366400000"}},"BookingNo":"FDJ93","TravelerCount":{"$numberInt":"1"},"CustomerId":{"$numberInt":"119"},"TripTypeId":"B","PackageId":null}
{"_id":{"$numberInt":"384"},"BookingId":{"$numberInt":"384"},"BookingDate":{"$date":{"$numberLong":"935452800000"}},"BookingNo":"JHJH7","TravelerCount":{"$numberInt":"1"},"CustomerId":{"$numberInt":"119"},"TripTypeId":"L","PackageId":null}
{"_id":{"$numberInt":"409"},"BookingId":{"$numberInt":"409"},"BookingDate":{"$date":{"$numberLong":"936662400000"}},"BookingNo":"FD53767","TravelerCount":{"$numberInt":"2"},"CustomerId":{"$numberInt":"139"},"TripTypeId":"B","PackageId":null}
{"_id":{"$numberInt":"410"},"BookingId":{"$numberInt":"410"},"BookingDate":{"$date":{"$numberLong":"936662400000"}},"BookingNo":"JHK7","TravelerCount":{"$numberInt":"2"},"CustomerId":{"$numberInt":"140"},"TripTypeId":"B","PackageId":null}
{"_id":{"$numberInt":"425"},"BookingId":{"$numberInt":"425"},"BookingDate":{"$date":{"$numberLong":"937094400000"}},"BookingNo":"FG879","TravelerCount":{"$numberInt":"4"},"CustomerId":{"$numberInt":"140"},"TripTypeId":"G","PackageId":null}
{"_id":{"$numberInt":"442"},"BookingId":{"$numberInt":"442"},"BookingDate":{"$date":{"$numberLong":"937872000000"}},"BookingNo":"S53423","TravelerCount":{"$numberInt":"1"},"CustomerId":{"$numberInt":"104"},"TripTypeId":"L","PackageId":null}
{"_id":{"$numberInt":"443"},"BookingId":{"$numberInt":"443"},"BookingDate":{"$date":{"$numberLong":"937872000000"}},"BookingNo":"T345","TravelerCount":{"$numberInt":"1"},"CustomerId":{"$numberInt":"119"},"TripTypeId":"L","PackageId":null}
{"_id":{"$numberInt":"449"},"BookingId":{"$numberInt":"449"},"BookingDate":{"$date":{"$numberLong":"938044800000"}},"BookingNo":"RD4EW5","TravelerCount":{"$numberInt":"1"},"CustomerId":{"$numberInt":"140"},"TripTypeId":"B","PackageId":null}
{"_id":{"$numberInt":"482"},"BookingId":{"$numberInt":"482"},"BookingDate":{"$date":{"$numberLong":"938908800000"}},"BookingNo":"SKFJ32","TravelerCount":{"$numberInt":"1"},"CustomerId":{"$numberInt":"127"},"TripTypeId":"L","PackageId":null}
{"_id":{"$numberInt":"484"},"BookingId":{"$numberInt":"484"},"BookingDate":{"$date":{"$numberLong":"938995200000"}},"BookingNo":"GDEWR3","TravelerCount":{"$numberInt":"1"},"CustomerId":{"$numberInt":"106"},"TripTypeId":"L","PackageId":null}
{"_id":{"$numberInt":"488"},"BookingId":{"$numberInt":"488"},"BookingDate":{"$date":{"$numberLong":"939081600000"}},"BookingNo":"JDFS39","TravelerCount":{"$numberInt":"1"},"CustomerId":{"$numberInt":"106"},"TripTypeId":"B","PackageId":null}
{"_id":{"$numberInt":"489"},"BookingId":{"$numberInt":"489"},"BookingDate":{"$date":{"$numberLong":"939081600000"}},"BookingNo":"SDR54","TravelerCount":{"$numberInt":"1"},"CustomerId":{"$numberInt":"127"},"TripTypeId":"L","PackageId":null}
{"_id":{"$numberInt":"510"},"BookingId":{"$numberInt":"510"},"BookingDate":{"$date":{"$numberLong":"940291200000"}},"BookingNo":"HKK7","TravelerCount":{"$numberInt":"1"},"CustomerId":{"$numberInt":"140"},"TripTypeId":"L","PackageId":null}
{"_id":{"$numberInt":"511"},"BookingId":{"$numberInt":"511"},"BookingDate":{"$date":{"$numberLong":"940377600000"}},"BookingNo":"FJK3892","TravelerCount":{"$numberInt":"1"},"CustomerId":{"$numberInt":"141"},"TripTypeId":"L","PackageId":null}
{"_id":{"$numberInt":"512"},"BookingId":{"$numberInt":"512"},"BookingDate":{"$date":{"$numberLong":"940377600000"}},"BookingNo":"SG444","TravelerCount":{"$numberInt":"1"},"CustomerId":{"$numberInt":"141"},"TripTypeId":"L","PackageId":null}
{"_id":{"$numberInt":"517"},"BookingId":{"$numberInt":"517"},"BookingDate":{"$date":{"$numberLong":"940464000000"}},"BookingNo":"FSDW2","TravelerCount":{"$numberInt":"1"},"CustomerId":{"$numberInt":"140"},"TripTypeId":"L","PackageId":null}
{"_id":{"$numberInt":"529"},"BookingId":{"$numberInt":"529"},"BookingDate":{"$date":{"$numberLong":"941068800000"}},"BookingNo":"FKJD32","TravelerCount":{"$numberInt":"1"},"CustomerId":{"$numberInt":"119"},"TripTypeId":"L","PackageId":null}
{"_id":{"$numberInt":"546"},"BookingId":{"$numberInt":"546"},"BookingDate":{"$date":{"$numberLong":"943660800000"}},"BookingNo":"NKU7","TravelerCount":{"$numberInt":"1"},"CustomerId":{"$numberInt":"140"},"TripTypeId":"B","PackageId":null}
{"_id":{"$numberInt":"553"},"BookingId":{"$numberInt":"553"},"BookingDate":{"$date":{"$numberLong":"943833600000"}},"BookingNo":"KKU7","TravelerCount":{"$numberInt":"1"},"CustomerId":{"$numberInt":"109"},"TripTypeId":"B","PackageId":null}
{"_id":{"$numberInt":"594"},"BookingId":{"$numberInt":"594"},"BookingDate":{"$date":{"$numberLong":"944438400000"}},"BookingNo":"HNN77","TravelerCount":{"$numberInt":"1"},"CustomerId":{"$numberInt":"119"},"TripTypeId":"L","PackageId":null}
{"_id":{"$numberInt":"596"},"BookingId":{"$numberInt":"596"},"BookingDate":{"$date":{"$numberLong":"944956800000"}},"BookingNo":"FDKJ898","TravelerCount":{"$numberInt":"1"},"CustomerId":{"$numberInt":"106"},"TripTypeId":"L","PackageId":null}
{"_id":{"$numberInt":"598"},"BookingId":{"$numberInt":"598"},"BookingDate":{"$date":{"$numberLong":"945043200000"}},"BookingNo":"FDSK3","TravelerCount":{"$numberInt":"1"},"CustomerId":{"$numberInt":"121"},"TripTypeId":"L","PackageId":null}
{"_id":{"$numberInt":"600"},"BookingId":{"$numberInt":"600"},"BookingDate":{"$date":{"$numberLong":"945129600000"}},"BookingNo":"ILJ878","TravelerCount":{"$numberInt":"2"},"CustomerId":{"$numberInt":"106"},"TripTypeId":"B","PackageId":null}
{"_id":{"$numberInt":"604"},"BookingId":{"$numberInt":"604"},"BookingDate":{"$date":{"$numberLong":"945216000000"}},"BookingNo":"KFKESJK5","TravelerCount":{"$numberInt":"1"},"CustomerId":{"$numberInt":"104"},"TripTypeId":"B","PackageId":null}
{"_id":{"$numberInt":"605"},"BookingId":{"$numberInt":"605"},"BookingDate":{"$date":{"$numberLong":"945216000000"}},"BookingNo":"SDJ89342","TravelerCount":{"$numberInt":"1"},"CustomerId":{"$numberInt":"140"},"TripTypeId":"B","PackageId":null}
{"_id":{"$numberInt":"609"},"BookingId":{"$numberInt":"609"},"BookingDate":{"$date":{"$numberLong":"945302400000"}},"BookingNo":"KJLK89","TravelerCount":{"$numberInt":"1"},"CustomerId":{"$numberInt":"104"},"TripTypeId":"L","PackageId":null}
{"_id":{"$numberInt":"613"},"BookingId":{"$numberInt":"613"},"BookingDate":{"$date":{"$numberLong":"945388800000"}},"BookingNo":"FD2323","TravelerCount":{"$numberInt":"1"},"CustomerId":{"$numberInt":"104"},"TripTypeId":"L","PackageId":null}
{"_id":{"$numberInt":"614"},"BookingId":{"$numberInt":"614"},"BookingDate":{"$date":{"$numberLong":"945388800000"}},"BookingNo":"FGG66","TravelerCount":{"$numberInt":"2"},"CustomerId":{"$numberInt":"104"},"TripTypeId":"L","PackageId":null}
{"_id":{"$numberInt":"618"},"BookingId":{"$numberInt":"618"},"BookingDate":{"$date":{"$numberLong":"945475200000"}},"BookingNo":"CMFJ39","TravelerCount":{"$numberInt":"1"},"CustomerId":{"$numberInt":"119"},"TripTypeId":"L","PackageId":null}
{"_id":{"$numberInt":"622"},"BookingId":{"$numberInt":"622"},"BookingDate":{"$date":{"$numberLong":"945561600000"}},"BookingNo":"JJJ77","TravelerCount":{"$numberInt":"1"},"CustomerId":{"$numberInt":"106"},"TripTypeId":"L","PackageId":null}
{"_id":{"$numberInt":"631"},"BookingId":{"$numberInt":"631"},"BookingDate":{"$date":{"$numberLong":"945820800000"}},"BookingNo":"MM78I879","TravelerCount":{"$numberInt":"1"},"CustomerId":{"$numberInt":"130"},"TripTypeId":"L","PackageId":null}
{"_id":{"$numberInt":"665"},"BookingId":{"$numberInt":"665"},"BookingDate":{"$date":{"$numberLong":"947980800000"}},"BookingNo":"FDSK83","TravelerCount":{"$numberInt":"1"},"CustomerId":{"$numberInt":"140"},"TripTypeId":"B","PackageId":null}
{"_id":{"$numberInt":"676"},"BookingId":{"$numberInt":"676"},"BookingDate":{"$date":{"$numberLong":"948153600000"}},"BookingNo":"SJK5","TravelerCount":{"$numberInt":"1"},"CustomerId":{"$numberInt":"104"},"TripTypeId":"L","PackageId":null}
{"_id":{"$numberInt":"677"},"BookingId":{"$numberInt":"677"},"BookingDate":{"$date":{"$numberLong":"948153600000"}},"BookingNo":"KJKJ88","TravelerCount":{"$numberInt":"1"},"CustomerId":{"$numberInt":"140"},"TripTypeId":"B","PackageId":null}
{"_id":{"$numberInt":"682"},"BookingId":{"$numberInt":"682"},"BookingDate":{"$date":{"$numberLong":"948240000000"}},"BookingNo":"GF887","TravelerCount":{"$numberInt":"3"},"CustomerId":{"$numberInt":"140"},"TripTypeId":"G","PackageId":null}
{"_id":{"$numberInt":"709"},"BookingId":{"$numberInt":"709"},"BookingDate":{"$date":{"$numberLong":"948758400000"}},"BookingNo":"MNHY15","TravelerCount":{"$numberInt":"1"},"CustomerId":{"$numberInt":"104"},"TripTypeId":"L","PackageId":null}
{"_id":{"$numberInt":"714"},"BookingId":{"$numberInt":"714"},"BookingDate":{"$date":{"$numberLong":"948844800000"}},"BookingNo":"KKJ91","TravelerCount":{"$numberInt":"1"},"CustomerId":{"$numberInt":"140"},"TripTypeId":"L","PackageId":null}
{"_id":{"$numberInt":"722"},"BookingId":{"$numberInt":"722"},"BookingDate":{"$date":{"$numberLong":"948931200000"}},"BookingNo":"FDJS32","TravelerCount":{"$numberInt":"1"},"CustomerId":{"$numberInt":"119"},"TripTypeId":"L","PackageId":null}
{"_id":{"$numberInt":"740"},"BookingId":{"$numberInt":"740"},"BookingDate":{"$date":{"$numberLong":"949104000000"}},"BookingNo":"MNHY19","TravelerCount":{"$numberInt":"1"},"CustomerId":{"$numberInt":"119"},"TripTypeId":"B","PackageId":null}
{"_id":{"$numberInt":"776"},"BookingId":{"$numberInt":"776"},"BookingDate":{"$date":{"$numberLong":"949449600000"}},"BookingNo":"345435F","TravelerCount":{"$numberInt":"2"},"CustomerId":{"$numberInt":"109"},"TripTypeId":"L","PackageId":null}
{"_id":{"$numberInt":"777"},"BookingId":{"$numberInt":"777"},"BookingDate":{"$date":{"$numberLong":"949449600000"}},"BookingNo":"AS54676","TravelerCount":{"$numberInt":"2"},"CustomerId":{"$numberInt":"143"},"TripTypeId":"B","PackageId":null}
{"_id":{"$numberInt":"798"},"BookingId":{"$numberInt":"798"},"BookingDate":{"$date":{"$numberLong":"949622400000"}},"BookingNo":"A7667900","TravelerCount":{"$numberInt":"1"},"CustomerId":{"$numberInt":"143"},"TripTypeId":"L","PackageId":null}
{"_id":{"$numberInt":"805"},"BookingId":{"$numberInt":"805"},"BookingDate":{"$date":{"$numberLong":"949708800000"}},"BookingNo":"456546DFD","TravelerCount":{"$numberInt":"1"},"CustomerId":{"$numberInt":"143"},"TripTypeId":"L","PackageId":null}
{"_id":{"$numberInt":"826"},"BookingId":{"$numberInt":"826"},"BookingDate":{"$date":{"$numberLong":"951004800000"}},"BookingNo":"62323","TravelerCount":{"$numberInt":"4"},"CustomerId":{"$numberInt":"128"},"TripTypeId":"G","PackageId":null}
{"_id":{"$numberInt":"827"},"BookingId":{"$numberInt":"827"},"BookingDate":{"$date":{"$numberLong":"951004800000"}},"BookingNo":"D869990","TravelerCount":{"$numberInt":"2"},"CustomerId":{"$numberInt":"128"},"TripTypeId":"G","PackageId":null}
{"_id":{"$numberInt":"838"},"BookingId":{"$numberInt":"838"},"BookingDate":{"$date":{"$numberLong":"951436800000"}},"BookingNo":"GFF84","TravelerCount":{"$numberInt":"1"},"CustomerId":{"$numberInt":"141"},"TripTypeId":"B","PackageId":null}
{"_id":{"$numberInt":"852"},"BookingId":{"$numberInt":"852"},"BookingDate":{"$date":{"$numberLong":"951782400000"}},"BookingNo":"GFF79","TravelerCount":{"$numberInt":"1"},"CustomerId":{"$numberInt":"127"},"TripTypeId":"B","PackageId":null}
{"_id":{"$numberInt":"857"},"BookingId":{"$numberInt":"857"},"BookingDate":{"$date":{"$numberLong":"951868800000"}},"BookingNo":"SFDFSD54","TravelerCount":{"$numberInt":"2"},"CustomerId":{"$numberInt":"127"},"TripTypeId":"B","PackageId":null}
{"_id":{"$numberInt":"866"},"BookingId":{"$numberInt":"866"},"BookingDate":{"$date":{"$numberLong":"951955200000"}},"BookingNo":"SFDFSD53","TravelerCount":{"$numberInt":"1"},"CustomerId":{"$numberInt":"127"},"TripTypeId":"L","PackageId":null}
{"_id":{"$numberInt":"876"},"BookingId":{"$numberInt":"876"},"BookingDate":{"$date":{"$numberLong":"952041600000"}},"BookingNo":"SFDFSD55","TravelerCount":{"$numberInt":"1"},"CustomerId":{"$numberInt":"127"},"TripTypeId":"B","PackageId":null}
{"_id":{"$numberInt":"880"},"BookingId":{"$numberInt":"880"},"BookingDate":{"$date":{"$numberLong":"952128000000"}},"BookingNo":"GFF85","TravelerCount":{"$numberInt":"1"},"CustomerId":{"$numberInt":"141"},"TripTypeId":"B","PackageId":null}
{"_id":{"$numberInt":"884"},"BookingId":{"$numberInt":"884"},"BookingDate":{"$date":{"$numberLong":"952214400000"}},"BookingNo":"GFF86","TravelerCount":{"$numberInt":"2"},"CustomerId":{"$numberInt":"141"},"TripTypeId":"B","PackageId":null}
{"_id":{"$numberInt":"899"},"BookingId":{"$numberInt":"899"},"BookingDate":{"$date":{"$numberLong":"953078400000"}},"BookingNo":"QERQ1322","TravelerCount":{"$numberInt":"2"},"CustomerId":{"$numberInt":"121"},"TripTypeId":"B","PackageId":null}
{"_id":{"$numberInt":"902"},"BookingId":{"$numberInt":"902"},"BookingDate":{"$date":{"$numberLong":"953251200000"}},"BookingNo":"D569767","TravelerCount":{"$numberInt":"2"},"CustomerId":{"$numberInt":"121"},"TripTypeId":"B","PackageId":null}
{"_id":{"$numberInt":"910"},"BookingId":{"$numberInt":"910"},"BookingDate":{"$date":{"$numberLong":"953424000000"}},"BookingNo":"GFF102","TravelerCount":{"$numberInt":"1"},"CustomerId":{"$numberInt":"114"},"TripTypeId":"B","PackageId":null}
{"_id":{"$numberInt":"939"},"BookingId":{"$numberInt":"939"},"BookingDate":{"$date":{"$numberLong":"953942400000"}},"BookingNo":"86431RT","TravelerCount":{"$numberInt":"2"},"CustomerId":{"$numberInt":"120"},"TripTypeId":"B","PackageId":null}
{"_id":{"$numberInt":"943"},"BookingId":{"$numberInt":"943"},"BookingDate":{"$date":{"$numberLong":"954028800000"}},"BookingNo":"34265Q67L","TravelerCount":{"$numberInt":"2"},"CustomerId":{"$numberInt":"140"},"TripTypeId":"L","PackageId":null}
{"_id":{"$numberInt":"960"},"BookingId":{"$numberInt":"960"},"BookingDate":{"$date":{"$numberLong":"954374400000"}},"BookingNo":"GFF105","TravelerCount":{"$numberInt":"1"},"CustomerId":{"$numberInt":"122"},"TripTypeId":"B","PackageId":null}
{"_id":{"$numberInt":"973"},"BookingId":{"$numberInt":"973"},"BookingDate":{"$date":{"$numberLong":"954547200000"}},"BookingNo":"GFF104","TravelerCount":{"$numberInt":"2"},"CustomerId":{"$numberInt":"133"},"TripTypeId":"B","PackageId":null}
{"_id":{"$numberInt":"988"},"BookingId":{"$numberInt":"988"},"BookingDate":{"$date":{"$numberLong":"954806400000"}},"BookingNo":"76584847","TravelerCount":{"$numberInt":"1"},"CustomerId":{"$numberInt":"139"},"TripTypeId":"L","PackageId":null}
{"_id":{"$numberInt":"989"},"BookingId":{"$numberInt":"989"},"BookingDate":{"$date":{"$numberLong":"954806400000"}},"BookingNo":"4656757Q","TravelerCount":{"$numberInt":"1"},"CustomerId":{"$numberInt":"139"},"TripTypeId":"B","PackageId":null}
{"_id":{"$numberInt":"1001"},"BookingId":{"$numberInt":"1001"},"BookingDate":{"$date":{"$numberLong":"955065600000"}},"BookingNo":"53165616","TravelerCount":{"$numberInt":"2"},"CustomerId":{"$numberInt":"133"},"TripTypeId":"B","PackageId":null}
{"_id":{"$numberInt":"1034"},"BookingId":{"$numberInt":"1034"},"BookingDate":{"$date":{"$numberLong":"956102400000"}},"BookingNo":"F789900","TravelerCount":{"$numberInt":"2"},"CustomerId":{"$numberInt":"105"},"TripTypeId":"G","PackageId":null}
{"_id":{"$numberInt":"1047"},"BookingId":{"$numberInt":"1047"},"BookingDate":{"$date":{"$numberLong":"956188800000"}},"BookingNo":"234244S","TravelerCount":{"$numberInt":"2"},"CustomerId":{"$numberInt":"105"},"TripTypeId":"B","PackageId":null}
{"_id":{"$numberInt":"1067"},"BookingId":{"$numberInt":"1067"},"BookingDate":{"$date":{"$numberLong":"956361600000"}},"BookingNo":"4325434RE","TravelerCount":{"$numberInt":"2"},"CustomerId":{"$numberInt":"117"},"TripTypeId":"B","PackageId":null}
{"_id":{"$numberInt":"1073"},"BookingId":{"$numberInt":"1073"},"BookingDate":{"$date":{"$numberLong":"956448000000"}},"BookingNo":"68798890","TravelerCount":{"$numberInt":"2"},"CustomerId":{"$numberInt":"117"},"TripTypeId":"L","PackageId":null}
{"_id":{"$numberInt":"1075"},"BookingId":{"$numberInt":"1075"},"BookingDate":{"$date":{"$numberLong":"956448000000"}},"BookingNo":"78755U","TravelerCount":{"$numberInt":"2"},"CustomerId":{"$numberInt":"123"},"TripTypeId":"L","PackageId":null}
{"_id":{"$numberInt":"1089"},"BookingId":{"$numberInt":"1089"},"BookingDate":{"$date":{"$numberLong":"956534400000"}},"BookingNo":"T6657D","TravelerCount":{"$numberInt":"2"},"CustomerId":{"$numberInt":"142"},"TripTypeId":"B","PackageId":null}
{"_id":{"$numberInt":"1105"},"BookingId":{"$numberInt":"1105"},"BookingDate":{"$date":{"$numberLong":"956707200000"}},"BookingNo":"53165765R","TravelerCount":{"$numberInt":"1"},"CustomerId":{"$numberInt":"119"},"TripTypeId":"B","PackageId":null}
{"_id":{"$numberInt":"1141"},"BookingId":{"$numberInt":"1141"},"BookingDate":{"$date":{"$numberLong":"957398400000"}},"BookingNo":"35653B","TravelerCount":{"$numberInt":"1"},"CustomerId":{"$numberInt":"120"},"TripTypeId":"L","PackageId":null}
{"_id":{"$numberInt":"1165"},"BookingId":{"$numberInt":"1165"},"BookingDate":{"$date":{"$numberLong":"959212800000"}},"BookingNo":"LJJ113","TravelerCount":{"$numberInt":"1"},"CustomerId":{"$numberInt":"127"},"TripTypeId":"L","PackageId":null}
{"_id":{"$numberInt":"1178"},"BookingId":{"$numberInt":"1178"},"BookingDate":{"$date":{"$numberLong":"959644800000"}},"BookingNo":"LJJ108","TravelerCount":{"$numberInt":"1"},"CustomerId":{"$numberInt":"118"},"TripTypeId":"B","PackageId":null}
{"_id":{"$numberInt":"1187"},"BookingId":{"$numberInt":"1187"},"BookingDate":{"$date":{"$numberLong":"960940800000"}},"BookingNo":"R4777FG","TravelerCount":{"$numberInt":"1"},"CustomerId":{"$numberInt":"143"},"TripTypeId":"L","PackageId":null}
{"_id":{"$numberInt":"1192"},"BookingId":{"$numberInt":"1192"},"BookingDate":{"$date":{"$numberLong":"962150400000"}},"BookingNo":"LJJ115","TravelerCount":{"$numberInt":"1"},"CustomerId":{"$numberInt":"109"},"TripTypeId":"B","PackageId":null}
{"_id":{"$numberInt":"1194"},"BookingId":{"$numberInt":"1194"},"BookingDate":{"$date":{"$numberLong":"962236800000"}},"BookingNo":"LJJ114","TravelerCount":{"$numberInt":"1"},"CustomerId":{"$numberInt":"141"},"TripTypeId":"B","PackageId":null}
{"_id":{"$numberInt":"1202"},"BookingId":{"$numberInt":"1202"},"BookingDate":{"$date":{"$numberLong":"963532800000"}},"BookingNo":"LJJ126","TravelerCount":{"$numberInt":"1"},"CustomerId":{"$numberInt":"135"},"TripTypeId":"B","PackageId":null}
{"_id":{"$numberInt":"1206"},"BookingId":{"$numberInt":"1206"},"BookingDate":{"$date":{"$numberLong":"963619200000"}},"BookingNo":"LJJ131","TravelerCount":{"$numberInt":"1"},"CustomerId":{"$numberInt":"121"},"TripTypeId":"B","PackageId":null}
{"_id":{"$numberInt":"1207"},"BookingId":{"$numberInt":"1207"},"BookingDate":{"$date":{"$numberLong":"963619200000"}},"BookingNo":"FJS3492","TravelerCount":{"$numberInt":"2"},"CustomerId":{"$numberInt":"135"},"TripTypeId":"L","PackageId":null}
{"_id":{"$numberInt":"1228"},"BookingId":{"$numberInt":"1228"},"BookingDate":{"$date":{"$numberLong":"965088000000"}},"BookingNo":"LJJ120","TravelerCount":{"$numberInt":"1"},"CustomerId":{"$numberInt":"106"},"TripTypeId":"B","PackageId":null}
{"_id":{"$numberInt":"1230"},"BookingId":{"$numberInt":"1230"},"BookingDate":{"$date":{"$numberLong":"965260800000"}},"BookingNo":"LJJ121","TravelerCount":{"$numberInt":"1"},"CustomerId":{"$numberInt":"107"},"TripTypeId":"B","PackageId":null}
{"_id":{"$numberInt":"1240"},"BookingId":{"$numberInt":"1240"},"BookingDate":{"$date":{"$numberLong":"966211200000"}},"BookingNo":"FSDFJ357","TravelerCount":{"$numberInt":"1"},"CustomerId":{"$numberInt":"127"},"TripTypeId":"B","PackageId":null}
{"_id":{"$numberInt":"1248"},"BookingId":{"$numberInt":"1248"},"BookingDate":{"$date":{"$numberLong":"966470400000"}},"BookingNo":"FSDFJ358","TravelerCount":{"$numberInt":"1"},"CustomerId":{"$numberInt":"141"},"TripTypeId":"L","PackageId":null}
{"_id":{"$numberInt":"1251"},"BookingId":{"$numberInt":"1251"},"BookingDate":{"$date":{"$numberLong":"968457600000"}},"BookingNo":"FSDFJ349","TravelerCount":{"$numberInt":"1"},"CustomerId":{"$numberInt":"130"},"TripTypeId":"B","PackageId":null}
{"_id":{"$numberInt":"1254"},"BookingId":{"$numberInt":"1254"},"BookingDate":{"$date":{"$numberLong":"968716800000"}},"BookingNo":"KJFKD89","TravelerCount":{"$numberInt":"1"},"CustomerId":{"$numberInt":"130"},"TripTypeId":"L","PackageId":null}
{"_id":{"$numberInt":"1270"},"BookingId":{"$numberInt":"1270"},"BookingDate":{"$date":{"$numberLong":"971740800000"}},"BookingNo":"FSD82937","TravelerCount":{"$numberInt":"1"},"CustomerId":{"$numberInt":"130"},"TripTypeId":"B","PackageId":null}
{"_id":{"$numberInt":"1293"},"BookingId":{"$numberInt":"1293"},"BookingDate":{"$date":{"$numberLong":"972172800000"}},"BookingNo":"KJLK89234","TravelerCount":{"$numberInt":"1"},"CustomerId":{"$numberInt":"130"},"TripTypeId":"L","PackageId":null}
{"_id":{"$numberInt":"1301"},"BookingId":{"$numberInt":"1301"},"BookingDate":{"$date":{"$numberLong":"974764800000"}},"BookingNo":"FSD82940","TravelerCount":{"$numberInt":"1"},"CustomerId":{"$numberInt":"127"},"TripTypeId":"B","PackageId":null}
{"_id":{"$numberInt":"1302"},"BookingId":{"$numberInt":"1302"},"BookingDate":{"$date":{"$numberLong":"974851200000"}},"BookingNo":"FSD82941","TravelerCount":{"$numberInt":"1"},"CustomerId":{"$numberInt":"141"},"TripTypeId":"B","PackageId":null}
{"_id":{"$numberInt":"1303"},"BookingId":{"$numberInt":"1303"},"BookingDate":{"$date":{"$numberLong":"974937600000"}},"BookingNo":"KJk934","TravelerCount":{"$numberInt":"1"},"CustomerId":{"$numberInt":"127"},"TripTypeId":"B","PackageId":null}
