{"_id":{"$numberInt":"11"},"BookingDetailId":{"$numberInt":"11"},"ItineraryNo":{"$numberInt":"168"},"TripStart":{"$date":{"$numberLong":"984787200000"}},"TripEnd":{"$date":{"$numberLong":"985219200000"}},"Description":"Calgary/Vancouver/Calgary","Destination":"Vancouver","BasePrice":{"$numberDecimal":"450.0000"},"AgencyCommission":{"$numberDecimal":"22.5000"},"BookingId":{"$numberInt":"11"},"RegionId":"NA","ClassId":"FST","FeeId":"BK","ProductSupplierId":{"$numberInt":"23"}}
{"_id":{"$numberInt":"15"},"BookingDetailId":{"$numberInt":"15"},"ItineraryNo":{"$numberInt":"306"},"TripStart":{"$date":{"$numberLong":"989366400000"}},"TripEnd":{"$date":{"$numberLong":"991526400000"}},"Description":"all-inclusive European tour","Destination":"London, England","BasePrice":{"$numberDecimal":"3000.0000"},"AgencyCommission":{"$numberDecimal":"112.5000"},"BookingId":{"$numberInt":"15"},"RegionId":"EU","ClassId":"ECN","FeeId":"GR","ProductSupplierId":{"$numberInt":"14"}}
{"_id":{"$numberInt":"16"},"BookingDetailId":{"$numberInt":"16"},"ItineraryNo":{"$numberInt":"306"},"TripStart":{"$date":{"$numberLong":"989366400000"}},"TripEnd":{"$date":{"$numberLong":"991526400000"}},"Description":"all-inclusive European tour","Destination":"London, England","BasePrice":{"$numberDecimal":"3000.0000"},"AgencyCommission":{"$numberDecimal":"112.5000"},"BookingId":{"$numberInt":"15"},"RegionId":"EU","ClassId":"ECN","FeeId":"GR","ProductSupplierId":{"$numberInt":"14"}}
{"_id":{"$numberInt":"17"},"BookingDetailId":{"$numberInt":"17"},"ItineraryNo":{"$numberInt":"178"},"TripStart":{"$date":{"$numberLong":"995414400000"}},"TripEnd":{"$date":{"$numberLong":"996624000000"}},"Description":"Calgary/Calcutta/Calgary","Destination":"Calcutta, India","BasePrice":{"$numberDecimal":"799.0000"},"AgencyCommission":{"$numberDecimal":"39.9500"},"BookingId":{"$numberInt":"17"},"RegionId":"MEAST","ClassId":"FST","FeeId":"BK","ProductSupplierId":{"$numberInt":"23"}}
{"_id":{"$numberInt":"34"},"BookingDetailId":{"$numberInt":"34"},"ItineraryNo":{"$numberInt":"142"},"TripStart":{"$date":{"$numberLong":"989280000000"}},"TripEnd":{"$date":{"$numberLong":"991440000000"}},"Description":"Calgary/Athens/Calgary","Destination":"Athens, Greece","BasePrice":{"$numberDecimal":"1000.0000"},"AgencyCommission":{"$numberDecimal":"32.5000"},"BookingId":{"$numberInt":"34"},"RegionId":"MED","ClassId":"ECN","FeeId":"BK","ProductSupplierId":{"$numberInt":"12"}}
{"_id":{"$numberInt":"46"},"BookingDetailId":{"$numberInt":"46"},"ItineraryNo":{"$numberInt":"141"},"TripStart":{"$date":{"$numberLong":"989798400000"}},"TripEnd":{"$date":{"$numberLong":"991872000000"}},"Description":"midsize car","Destination":"Toronto","BasePrice":{"$numberDecimal":"900.0000"},"AgencyCommission":{"$numberDecimal":"29.2500"},"BookingId":{"$numberInt":"46"},"RegionId":"NA","ClassId":"NA","FeeId":"NC","ProductSupplierId":{"$numberInt":"20"}}
{"_id":{"$numberInt":"49"},"BookingDetailId":{"$numberInt":"49"},"ItineraryNo":{"$numberInt":"201"},"TripStart":{"$date":{"$numberLong":"989625600000"}},"TripEnd":{"$date":{"$numberLong":"991267200000"}},"Description":"Calgary/Victoria/Calgary","Destination":"Victoria","BasePrice":{"$numberDecimal":"199.0000"},"AgencyCommission":{"$numberDecimal":"2.2885"},"BookingId":{"$numberInt":"49"},"RegionId":"NA","ClassId":"ECN","FeeId":"BK","ProductSupplierId":{"$numberInt":"12"}}
{"_id":{"$numberInt":"52"},"BookingDetailId":{"$numberInt":"52"},"ItineraryNo":{"$numberInt":"225"},"TripStart":{"$date":{"$numberLong":"989798400000"}},"TripEnd":{"$date":{"$numberLong":"991872000000"}},"Description":" ","Destination":"Toronto","BasePrice":{"$numberDecimal":"1700.0000"},"AgencyCommission":{"$numberDecimal":"55.2500"},"BookingId":{"$numberInt":"52"},"RegionId":"NA","ClassId":"DLX","FeeId":"BK","ProductSupplierId":{"$numberInt":"12"}}
{"_id":{"$numberInt":"55"},"BookingDetailId":{"$numberInt":"55"},"ItineraryNo":{"$numberInt":"771"},"TripStart":{"$date":{"$numberLong":"989798400000"}},"TripEnd":{"$date":{"$numberLong":"991872000000"}},"Description":"Calgary/Toronto/Calgary","Destination":"Toronto","BasePrice":{"$numberDecimal":"1200.0000"},"AgencyCommission":{"$numberDecimal":"60.0000"},"BookingId":{"$numberInt":"55"},"RegionId":"NA","ClassId":"FST","FeeId":"BK","ProductSupplierId":{"$numberInt":"23"}}
{"_id":{"$numberInt":"57"},"BookingDetailId":{"$numberInt":"57"},"ItineraryNo":{"$numberInt":"893"},"TripStart":{"$date":{"$numberLong":"1001289600000"}},"TripEnd":{"$date":{"$numberLong":"1003104000000"}},"Description":"Calgary/London/Calgary","Destination":"London, England","BasePrice":{"$numberDecimal":"750.0000"},"AgencyCommission":{"$numberDecimal":"75.0000"},"BookingId":{"$numberInt":"57"},"RegionId":"EU","ClassId":"ECN","FeeId":"BK","ProductSupplierId":{"$numberInt":"13"}}
{"_id":{"$numberInt":"62"},"BookingDetailId":{"$numberInt":"62"},"ItineraryNo":{"$numberInt":"964"},"TripStart":{"$date":{"$numberLong":"1010534400000"}},"TripEnd":{"$date":{"$numberLong":"1011398400000"}},"Description":"Calgary/Victoria/Calgary","Destination":"Victoria","BasePrice":{"$numberDecimal":"205.0000"},"AgencyCommission":{"$numberDecimal":"10.2500"},"BookingId":{"$numberInt":"62"},"RegionId":"NA","ClassId":"ECN","FeeId":"BK","ProductSupplierId":{"$numberInt":"23"}}
{"_id":{"$numberInt":"65"},"BookingDetailId":{"$numberInt":"65"},"ItineraryNo":{"$numberInt":"204"},"TripStart":{"$date":{"$numberLong":"1012435200000"}},"TripEnd":{"$date":{"$numberLong":"1013558400000"}},"Description":"Calgary/Cairo/Calgary","Destination":"Cairo, Egypt","BasePrice":{"$numberDecimal":"350.0000"},"AgencyCommission":{"$numberDecimal":"17.5000"},"BookingId":{"$numberInt":"65"},"RegionId":"MEAST","ClassId":"FST","FeeId":"BK","ProductSupplierId":{"$numberInt":"23"}}
{"_id":{"$numberInt":"73"},"BookingDetailId":{"$numberInt":"73"},"ItineraryNo":{"$numberInt":"220"},"TripStart":{"$date":{"$numberLong":"1015977600000"}},"TripEnd":{"$date":{"$numberLong":"1016409600000"}},"Description":"Calgary/Grande Prairie/Calgary","Destination":"Grande Prairie","BasePrice":{"$numberDecimal":"150.0000"},"AgencyCommission":{"$numberDecimal":"7.5000"},"BookingId":{"$numberInt":"73"},"RegionId":"NA","ClassId":"FST","FeeId":"BK","ProductSupplierId":{"$numberInt":"23"}}
{"_id":{"$numberInt":"79"},"BookingDetailId":{"$numberInt":"79"},"ItineraryNo":{"$numberInt":"185"},"TripStart":{"$date":{"$numberLong":"1017360000000"}},"TripEnd":{"$date":{"$numberLong":"1019952000000"}},"Description":"Calgary/Sydney/Calgary","Destination":"Sydney, Australia","BasePrice":{"$numberDecimal":"2200.0000"},"AgencyCommission":{"$numberDecimal":"264.0000"},"BookingId":{"$numberInt":"79"},"RegionId":"ANZ","ClassId":"ECN","FeeId":"BK","ProductSupplierId":{"$numberInt":"30"}}
{"_id":{"$numberInt":"80"},"BookingDetailId":{"$numberInt":"80"},"ItineraryNo":{"$numberInt":"256"},"TripStart":{"$date":{"$numberLong":"1017360000000"}},"TripEnd":{"$date":{"$numberLong":"1018483200000"}},"Description":"Calgary/Victoria/Calgary","Destination":"Victoria","BasePrice":{"$numberDecimal":"190.0000"},"AgencyCommission":{"$numberDecimal":"9.5000"},"BookingId":{"$numberInt":"80"},"RegionId":"NA","ClassId":"ECN","FeeId":"BK","ProductSupplierId":{"$numberInt":"23"}}
{"_id":{"$numberInt":"84"},"BookingDetailId":{"$numberInt":"84"},"ItineraryNo":{"$numberInt":"185"},"TripStart":{"$date":{"$numberLong":"1017619200000"}},"TripEnd":{"$date":{"$numberLong":"1019692800000"}},"Description":"Australian trek","Destination":" ","BasePrice":{"$numberDecimal":"6250.0000"},"AgencyCommission":{"$numberDecimal":"234.3750"},"BookingId":{"$numberInt":"84"},"RegionId":"ANZ","ClassId":"NA","FeeId":"BK","ProductSupplierId":{"$numberInt":"15"}}
{"_id":{"$numberInt":"85"},"BookingDetailId":{"$numberInt":"85"},"ItineraryNo":{"$numberInt":"185"},"TripStart":{"$date":{"$numberLong":"1017619200000"}},"TripEnd":{"$date":{"$numberLong":"1019692800000"}},"Description":"Australian trek","Destination":" ","BasePrice":{"$numberDecimal":"6250.0000"},"AgencyCommission":{"$numberDecimal":"234.3750"},"BookingId":{"$numberInt":"84"},"RegionId":"ANZ","ClassId":"NA","FeeId":"BK","ProductSupplierId":{"$numberInt":"15"}}
{"_id":{"$numberInt":"89"},"BookingDetailId":{"$numberInt":"89"},"ItineraryNo":{"$numberInt":"279"},"TripStart":{"$date":{"$numberLong":"1019001600000"}},"TripEnd":{"$date":{"$numberLong":"1019433600000"}},"Description":"Calgary/Toronto/Calgary","Destination":"Toronto","BasePrice":{"$numberDecimal":"628.0000"},"AgencyCommission":{"$numberDecimal":"31.4000"},"BookingId":{"$numberInt":"89"},"RegionId":"NA","ClassId":"FST","FeeId":"BK","ProductSupplierId":{"$numberInt":"23"}}
{"_id":{"$numberInt":"98"},"BookingDetailId":{"$numberInt":"98"},"ItineraryNo":{"$numberInt":"230"},"TripStart":{"$date":{"$numberLong":"1020556800000"}},"TripEnd":{"$date":{"$numberLong":"1020988800000"}},"Description":"Calgary/Vancouver/Calgary","Destination":"Vancouver","BasePrice":{"$numberDecimal":"1048.0000"},"AgencyCommission":{"$numberDecimal":"52.4000"},"BookingId":{"$numberInt":"98"},"RegionId":"NA","ClassId":"FST","FeeId":"BK","ProductSupplierId":{"$numberInt":"23"}}
{"_id":{"$numberInt":"108"},"BookingDetailId":{"$numberInt":"108"},"ItineraryNo":{"$numberInt":"193"},"TripStart":{"$date":{"$numberLong":"1021766400000"}},"TripEnd":{"$date":{"$numberLong":"1022889600000"}},"Description":"Calgary/Athens/Calgary","Destination":"Athens, Greece","BasePrice":{"$numberDecimal":"1200.0000"},"AgencyCommission":{"$numberDecimal":"60.0000"},"BookingId":{"$numberInt":"108"},"RegionId":"MED","ClassId":"ECN","FeeId":"BK","ProductSupplierId":{"$numberInt":"23"}}
{"_id":{"$numberInt":"122"},"BookingDetailId":{"$numberInt":"122"},"ItineraryNo":{"$numberInt":"300"},"TripStart":{"$date":{"$numberLong":"1022112000000"}},"TripEnd":{"$date":{"$numberLong":"1023408000000"}},"Description":"Calgary/Victoria/Calgary","Destination":"Victoria","BasePrice":{"$numberDecimal":"175.0000"},"AgencyCommission":{"$numberDecimal":"8.7500"},"BookingId":{"$numberInt":"124"},"RegionId":"NA","ClassId":"ECN","FeeId":"BK","ProductSupplierId":{"$numberInt":"16"}}
{"_id":{"$numberInt":"138"},"BookingDetailId":{"$numberInt":"138"},"ItineraryNo":{"$numberInt":"397"},"TripStart":{"$date":{"$numberLong":"1026432000000"}},"TripEnd":{"$date":{"$numberLong":"1026777600000"}},"Description":"Calgary/Montreal/Calgary","Destination":"Montreal","BasePrice":{"$numberDecimal":"645.0000"},"AgencyCommission":{"$numberDecimal":"32.2500"},"BookingId":{"$numberInt":"138"},"RegionId":"NA","ClassId":"FST","FeeId":"BK","ProductSupplierId":{"$numberInt":"23"}}
{"_id":{"$numberInt":"141"},"BookingDetailId":{"$numberInt":"141"},"ItineraryNo":{"$numberInt":"244"},"TripStart":{"$date":{"$numberLong":"1026691200000"}},"TripEnd":{"$date":{"$numberLong":"1027036800000"}},"Description":"Calgary/Toronto/Calgary","Destination":"Toronto","BasePrice":{"$numberDecimal":"499.0000"},"AgencyCommission":{"$numberDecimal":"24.9500"},"BookingId":{"$numberInt":"141"},"RegionId":"NA","ClassId":"FST","FeeId":"BK","ProductSupplierId":{"$numberInt":"23"}}
{"_id":{"$numberInt":"148"},"BookingDetailId":{"$numberInt":"148"},"ItineraryNo":{"$numberInt":"805"},"TripStart":{"$date":{"$numberLong":"1027555200000"}},"TripEnd":{"$date":{"$numberLong":"1029024000000"}},"Description":"Calgary/Athens/Calgary","Destination":"Athens, Greece","BasePrice":{"$numberDecimal":"2300.0000"},"AgencyCommission":{"$numberDecimal":"70.0000"},"BookingId":{"$numberInt":"148"},"RegionId":"MED","ClassId":"FST","FeeId":"BK","ProductSupplierId":{"$numberInt":"23"}}
{"_id":{"$numberInt":"152"},"BookingDetailId":{"$numberInt":"152"},"ItineraryNo":{"$numberInt":"1134"},"TripStart":{"$date":{"$numberLong":"1033257600000"}},"TripEnd":{"$date":{"$numberLong":"1034380800000"}},"Description":"Calgary/Montreal/Calgary","Destination":"Montreal","BasePrice":{"$numberDecimal":"780.0000"},"AgencyCommission":{"$numberDecimal":"39.0000"},"BookingId":{"$numberInt":"152"},"RegionId":"NA","ClassId":"FST","FeeId":"BK","ProductSupplierId":{"$numberInt":"23"}}
{"_id":{"$numberInt":"156"},"BookingDetailId":{"$numberInt":"156"},"ItineraryNo":{"$numberInt":"139"},"TripStart":{"$date":{"$numberLong":"1036627200000"}},"TripEnd":{"$date":{"$numberLong":"1037059200000"}},"Description":"Calgary/Toronto/Calgary","Destination":"Toronto","BasePrice":{"$numberDecimal":"620.0000"},"AgencyCommission":{"$numberDecimal":"31.0000"},"BookingId":{"$numberInt":"156"},"RegionId":"NA","ClassId":"BSN","FeeId":"BK","ProductSupplierId":{"$numberInt":"23"}}
{"_id":{"$numberInt":"161"},"BookingDetailId":{"$numberInt":"161"},"ItineraryNo":{"$numberInt":"518"},"TripStart":{"$date":{"$numberLong":"941932800000"}},"TripEnd":{"$date":{"$numberLong":"942364800000"}},"Description":"Calgary/London/Calgary","Destination":"London, England","BasePrice":{"$numberDecimal":"620.0000"},"AgencyCommission":{"$numberDecimal":"31.0000"},"BookingId":{"$numberInt":"161"},"RegionId":"EU","ClassId":"BSN","FeeId":"BK","ProductSupplierId":{"$numberInt":"44"}}
{"_id":{"$numberInt":"162"},"BookingDetailId":{"$numberInt":"162"},"ItineraryNo":{"$numberInt":"218"},"TripStart":{"$date":{"$numberLong":"1037059200000"}},"TripEnd":{"$date":{"$numberLong":"1037577600000"}},"Description":"Calgary/Toronto/Calgary","Destination":"Toronto","BasePrice":{"$numberDecimal":"620.0000"},"AgencyCommission":{"$numberDecimal":"31.0000"},"BookingId":{"$numberInt":"162"},"RegionId":"NA","ClassId":"BSN","FeeId":"BK","ProductSupplierId":{"$numberInt":"23"}}
{"_id":{"$numberInt":"172"},"BookingDetailId":{"$numberInt":"172"},"ItineraryNo":{"$numberInt":"686"},"TripStart":{"$date":{"$numberLong":"941932800000"}},"TripEnd":{"$date":{"$numberLong":"942364800000"}},"Description":"Calgary/London/Calgary","Destination":"London, England","BasePrice":{"$numberDecimal":"629.0000"},"AgencyCommission":{"$numberDecimal":"31.4500"},"BookingId":{"$numberInt":"172"},"RegionId":"EU","ClassId":"FST","FeeId":"BK","ProductSupplierId":{"$numberInt":"23"}}
{"_id":{"$numberInt":"187"},"BookingDetailId":{"$numberInt":"187"},"ItineraryNo":{"$numberInt":"449"},"TripStart":{"$date":{"$numberLong":"919036800000"}},"TripEnd":{"$date":{"$numberLong":"919468800000"}},"Description":"Calgary/Houston/Calgary","Destination":"Houston","BasePrice":{"$numberDecimal":"2875.0000"},"AgencyCommission":{"$numberDecimal":"60.0000"},"BookingId":{"$numberInt":"187"},"RegionId":"NA","ClassId":"FST","FeeId":"BK","ProductSupplierId":{"$numberInt":"23"}}
{"_id":{"$numberInt":"199"},"BookingDetailId":{"$numberInt":"199"},"ItineraryNo":{"$numberInt":"286"},"TripStart":{"$date":{"$numberLong":"920246400000"}},"TripEnd":{"$date":{"$numberLong":"921542400000"}},"Description":"Calgary/Hong Kong/Calgary","Destination":"Hong Kong, China","BasePrice":{"$numberDecimal":"3625.0000"},"AgencyCommission":{"$numberDecimal":"70.0000"},"BookingId":{"$numberInt":"199"},"RegionId":"ASIA","ClassId":"FST","FeeId":"BK","ProductSupplierId":{"$numberInt":"23"}}
{"_id":{"$numberInt":"204"},"BookingDetailId":{"$numberInt":"204"},"ItineraryNo":{"$numberInt":"933"},"TripStart":{"$date":{"$numberLong":"920505600000"}},"TripEnd":{"$date":{"$numberLong":"920937600000"}},"Description":"Calgary/Toronto/Calgary","Destination":"Toronto","BasePrice":{"$numberDecimal":"620.0000"},"AgencyCommission":{"$numberDecimal":"31.0000"},"BookingId":{"$numberInt":"204"},"RegionId":"NA","ClassId":"FST","FeeId":"BK","ProductSupplierId":{"$numberInt":"23"}}
{"_id":{"$numberInt":"220"},"BookingDetailId":{"$numberInt":"220"},"ItineraryNo":{"$numberInt":"932"},"TripStart":{"$date":{"$numberLong":"919555200000"}},"TripEnd":{"$date":{"$numberLong":"919987200000"}},"Description":"Calgary/Houston/Calgary","Destination":"Houston","BasePrice":{"$numberDecimal":"620.0000"},"AgencyCommission":{"$numberDecimal":"31.0000"},"BookingId":{"$numberInt":"220"},"RegionId":"NA","ClassId":"FST","FeeId":"BK","ProductSupplierId":{"$numberInt":"23"}}
{"_id":{"$numberInt":"226"},"BookingDetailId":{"$numberInt":"226"},"ItineraryNo":{"$numberInt":"460"},"TripStart":{"$date":{"$numberLong":"938908800000"}},"TripEnd":{"$date":{"$numberLong":"939340800000"}},"Description":"Calgary/Montreal/Calgary","Destination":"Montreal","BasePrice":{"$numberDecimal":"2585.0000"},"AgencyCommission":{"$numberDecimal":"60.0000"},"BookingId":{"$numberInt":"226"},"RegionId":"NA","ClassId":"FST","FeeId":"BK","ProductSupplierId":{"$numberInt":"23"}}
{"_id":{"$numberInt":"228"},"BookingDetailId":{"$numberInt":"228"},"ItineraryNo":{"$numberInt":"573"},"TripStart":{"$date":{"$numberLong":"944179200000"}},"TripEnd":{"$date":{"$numberLong":"944524800000"}},"Description":"Ramada","Destination":"Vancouver","BasePrice":{"$numberDecimal":"700.0000"},"AgencyCommission":{"$numberDecimal":"8.0500"},"BookingId":{"$numberInt":"228"},"RegionId":"NA","ClassId":"SNG","FeeId":"BK","ProductSupplierId":{"$numberInt":"35"}}
{"_id":{"$numberInt":"263"},"BookingDetailId":{"$numberInt":"263"},"ItineraryNo":{"$numberInt":"255"},"TripStart":{"$date":{"$numberLong":"925516800000"}},"TripEnd":{"$date":{"$numberLong":"928195200000"}},"Description":"Calgary/Sydney/Calgary","Destination":"Sydney, Australia","BasePrice":{"$numberDecimal":"2500.0000"},"AgencyCommission":{"$numberDecimal":"70.0000"},"BookingId":{"$numberInt":"263"},"RegionId":"ANZ","ClassId":"FST","FeeId":"BK","ProductSupplierId":{"$numberInt":"23"}}
{"_id":{"$numberInt":"265"},"BookingDetailId":{"$numberInt":"265"},"ItineraryNo":{"$numberInt":"306"},"TripStart":{"$date":{"$numberLong":"925603200000"}},"TripEnd":{"$date":{"$numberLong":"928108800000"}},"Description":"European golf package","Destination":"Paris, France","BasePrice":{"$numberDecimal":"3000.0000"},"AgencyCommission":{"$numberDecimal":"112.5000"},"BookingId":{"$numberInt":"264"},"RegionId":"EU","ClassId":"NA","FeeId":"GR","ProductSupplierId":{"$numberInt":"36"}}
{"_id":{"$numberInt":"266"},"BookingDetailId":{"$numberInt":"266"},"ItineraryNo":{"$numberInt":"1076"},"TripStart":{"$date":{"$numberLong":"925603200000"}},"TripEnd":{"$date":{"$numberLong":"928108800000"}},"Description":"Calgary/Paris/Calgary","Destination":"Paris, France","BasePrice":{"$numberDecimal":"3000.0000"},"AgencyCommission":{"$numberDecimal":"70.0000"},"BookingId":{"$numberInt":"266"},"RegionId":"EU","ClassId":"ECN","FeeId":"BK","ProductSupplierId":{"$numberInt":"23"}}
{"_id":{"$numberInt":"270"},"BookingDetailId":{"$numberInt":"270"},"ItineraryNo":{"$numberInt":"331"},"TripStart":{"$date":{"$numberLong":"925516800000"}},"TripEnd":{"$date":{"$numberLong":"927936000000"}},"Description":"Calgary/London/Calgary","Destination":"London, England","BasePrice":{"$numberDecimal":"800.0000"},"AgencyCommission":{"$numberDecimal":"40.0000"},"BookingId":{"$numberInt":"273"},"RegionId":"EU","ClassId":"ECN","FeeId":"BK","ProductSupplierId":{"$numberInt":"23"}}
{"_id":{"$numberInt":"273"},"BookingDetailId":{"$numberInt":"273"},"ItineraryNo":{"$numberInt":"776"},"TripStart":{"$date":{"$numberLong":"925516800000"}},"TripEnd":{"$date":{"$numberLong":"927936000000"}},"Description":"Calgary/London/Calgary","Destination":"London, England","BasePrice":{"$numberDecimal":"800.0000"},"AgencyCommission":{"$numberDecimal":"40.0000"},"BookingId":{"$numberInt":"273"},"RegionId":"EU","ClassId":"ECN","FeeId":"BK","ProductSupplierId":{"$numberInt":"23"}}
{"_id":{"$numberInt":"275"},"BookingDetailId":{"$numberInt":"275"},"ItineraryNo":{"$numberInt":"255"},"TripStart":{"$date":{"$numberLong":"925948800000"}},"TripEnd":{"$date":{"$numberLong":"927936000000"}},"Description":"Australian trek","Destination":" ","BasePrice":{"$numberDecimal":"7900.0000"},"AgencyCommission":{"$numberDecimal":"296.2500"},"BookingId":{"$numberInt":"263"},"RegionId":"ANZ","ClassId":"NA","FeeId":"BK","ProductSupplierId":{"$numberInt":"15"}}
{"_id":{"$numberInt":"276"},"BookingDetailId":{"$numberInt":"276"},"ItineraryNo":{"$numberInt":"1132"},"TripStart":{"$date":{"$numberLong":"925516800000"}},"TripEnd":{"$date":{"$numberLong":"927936000000"}},"Description":"Calgary/London/Calgary","Destination":"London, England","BasePrice":{"$numberDecimal":"800.0000"},"AgencyCommission":{"$numberDecimal":"40.0000"},"BookingId":{"$numberInt":"273"},"RegionId":"EU","ClassId":"ECN","FeeId":"BK","ProductSupplierId":{"$numberInt":"23"}}
{"_id":{"$numberInt":"287"},"BookingDetailId":{"$numberInt":"287"},"ItineraryNo":{"$numberInt":"980"},"TripStart":{"$date":{"$numberLong":"927936000000"}},"TripEnd":{"$date":{"$numberLong":"928368000000"}},"Description":"Calgary/Rio de Janeiro/Calgary","Destination":"Rio de Janeiro, Brazil","BasePrice":{"$numberDecimal":"3590.0000"},"AgencyCommission":{"$numberDecimal":"70.0000"},"BookingId":{"$numberInt":"287"},"RegionId":"SA","ClassId":"FST","FeeId":"BK","ProductSupplierId":{"$numberInt":"23"}}
{"_id":{"$numberInt":"305"},"BookingDetailId":{"$numberInt":"305"},"ItineraryNo":{"$numberInt":"979"},"TripStart":{"$date":{"$numberLong":"928540800000"}},"TripEnd":{"$date":{"$numberLong":"928972800000"}},"Description":"Calgary/Toronto/Calgary","Destination":"Toronto","BasePrice":{"$numberDecimal":"2580.0000"},"AgencyCommission":{"$numberDecimal":"60.0000"},"BookingId":{"$numberInt":"305"},"RegionId":"NA","ClassId":"FST","FeeId":"BK","ProductSupplierId":{"$numberInt":"23"}}
{"_id":{"$numberInt":"312"},"BookingDetailId":{"$numberInt":"312"},"ItineraryNo":{"$numberInt":"398"},"TripStart":{"$date":{"$numberLong":"929145600000"}},"TripEnd":{"$date":{"$numberLong":"929577600000"}},"Description":"Calgary/Montreal/Calgary","Destination":"Montreal","BasePrice":{"$numberDecimal":"615.0000"},"AgencyCommission":{"$numberDecimal":"30.7500"},"BookingId":{"$numberInt":"312"},"RegionId":"NA","ClassId":"FST","FeeId":"BK","ProductSupplierId":{"$numberInt":"23"}}
{"_id":{"$numberInt":"313"},"BookingDetailId":{"$numberInt":"313"},"ItineraryNo":{"$numberInt":"775"},"TripStart":{"$date":{"$numberLong":"929145600000"}},"TripEnd":{"$date":{"$numberLong":"929577600000"}},"Description":"Calgary/Montreal/Calgary","Destination":"Montreal","BasePrice":{"$numberDecimal":"2258.0000"},"AgencyCommission":{"$numberDecimal":"60.0000"},"BookingId":{"$numberInt":"313"},"RegionId":"NA","ClassId":"FST","FeeId":"BK","ProductSupplierId":{"$numberInt":"23"}}
{"_id":{"$numberInt":"322"},"BookingDetailId":{"$numberInt":"322"},"ItineraryNo":{"$numberInt":"404"},"TripStart":{"$date":{"$numberLong":"931651200000"}},"TripEnd":{"$date":{"$numberLong":"932256000000"}},"Description":"Calgary/Toronto/Calgary","Destination":"Toronto","BasePrice":{"$numberDecimal":"630.0000"},"AgencyCommission":{"$numberDecimal":"31.5000"},"BookingId":{"$numberInt":"322"},"RegionId":"NA","ClassId":"FST","FeeId":"BK","ProductSupplierId":{"$numberInt":"23"}}
{"_id":{"$numberInt":"325"},"BookingDetailId":{"$numberInt":"325"},"ItineraryNo":{"$numberInt":"874"},"TripStart":{"$date":{"$numberLong":"932169600000"}},"TripEnd":{"$date":{"$numberLong":"933552000000"}},"Description":"Calgary/Montreal/Calgary","Destination":"Montreal","BasePrice":{"$numberDecimal":"630.0000"},"AgencyCommission":{"$numberDecimal":"31.5000"},"BookingId":{"$numberInt":"325"},"RegionId":"NA","ClassId":"FST","FeeId":"BK","ProductSupplierId":{"$numberInt":"23"}}
{"_id":{"$numberInt":"327"},"BookingDetailId":{"$numberInt":"327"},"ItineraryNo":{"$numberInt":"228"},"TripStart":{"$date":{"$numberLong":"932860800000"}},"TripEnd":{"$date":{"$numberLong":"934243200000"}},"Description":"Calgary/London/Calgary","Destination":"London, England","BasePrice":{"$numberDecimal":"900.0000"},"AgencyCommission":{"$numberDecimal":"45.0000"},"BookingId":{"$numberInt":"98"},"RegionId":"EU","ClassId":"ECN","FeeId":"BK","ProductSupplierId":{"$numberInt":"23"}}
{"_id":{"$numberInt":"369"},"BookingDetailId":{"$numberInt":"369"},"ItineraryNo":{"$numberInt":"481"},"TripStart":{"$date":{"$numberLong":"938736000000"}},"TripEnd":{"$date":{"$numberLong":"939168000000"}},"Description":"intermediate car","Destination":"Paris, France","BasePrice":{"$numberDecimal":"500.0000"},"AgencyCommission":{"$numberDecimal":"15.5000"},"BookingId":{"$numberInt":"369"},"RegionId":"EU","ClassId":"NA","FeeId":"BK","ProductSupplierId":{"$numberInt":"32"}}
{"_id":{"$numberInt":"375"},"BookingDetailId":{"$numberInt":"375"},"ItineraryNo":{"$numberInt":"492"},"TripStart":{"$date":{"$numberLong":"938736000000"}},"TripEnd":{"$date":{"$numberLong":"939168000000"}},"Description":"Hilton","Destination":"Paris, France","BasePrice":{"$numberDecimal":"650.0000"},"AgencyCommission":{"$numberDecimal":"7.4750"},"BookingId":{"$numberInt":"375"},"RegionId":"EU","ClassId":"DLX","FeeId":"BK","ProductSupplierId":{"$numberInt":"31"}}
{"_id":{"$numberInt":"381"},"BookingDetailId":{"$numberInt":"381"},"ItineraryNo":{"$numberInt":"610"},"TripStart":{"$date":{"$numberLong":"938736000000"}},"TripEnd":{"$date":{"$numberLong":"939168000000"}},"Description":"Calgary/Paris/Calgary","Destination":"Paris, France","BasePrice":{"$numberDecimal":"3560.0000"},"AgencyCommission":{"$numberDecimal":"70.0000"},"BookingId":{"$numberInt":"381"},"RegionId":"EU","ClassId":"FST","FeeId":"BK","ProductSupplierId":{"$numberInt":"23"}}
{"_id":{"$numberInt":"382"},"BookingDetailId":{"$numberInt":"382"},"ItineraryNo":{"$numberInt":"619"},"TripStart":{"$date":{"$numberLong":"939254400000"}},"TripEnd":{"$date":{"$numberLong":"939686400000"}},"Description":"Hilton","Destination":"London, England","BasePrice":{"$numberDecimal":"620.0000"},"AgencyCommission":{"$numberDecimal":"7.1300"},"BookingId":{"$numberInt":"382"},"RegionId":"EU","ClassId":"DLX","FeeId":"BK","ProductSupplierId":{"$numberInt":"31"}}
{"_id":{"$numberInt":"384"},"BookingDetailId":{"$numberInt":"384"},"ItineraryNo":{"$numberInt":"644"},"TripStart":{"$date":{"$numberLong":"939254400000"}},"TripEnd":{"$date":{"$numberLong":"939686400000"}},"Description":"Calgary/London/Calgary","Destination":"London, England","BasePrice":{"$numberDecimal":"600.0000"},"AgencyCommission":{"$numberDecimal":"30.0000"},"BookingId":{"$numberInt":"384"},"RegionId":"EU","ClassId":"ECN","FeeId":"BK","ProductSupplierId":{"$numberInt":"44"}}
{"_id":{"$numberInt":"409"},"BookingDetailId":{"$numberInt":"409"},"ItineraryNo":{"$numberInt":"492"},"TripStart":{"$date":{"$numberLong":"940550400000"}},"TripEnd":{"$date":{"$numberLong":"941587200000"}},"Description":"Medium size car","Destination":"Greece","BasePrice":{"$numberDecimal":"500.0000"},"AgencyCommission":{"$numberDecimal":"15.5000"},"BookingId":{"$numberInt":"409"},"RegionId":"MED","ClassId":"NA","FeeId":"NC","ProductSupplierId":{"$numberInt":"55"}}
{"_id":{"$numberInt":"410"},"BookingDetailId":{"$numberInt":"410"},"ItineraryNo":{"$numberInt":"624"},"TripStart":{"$date":{"$numberLong":"940464000000"}},"TripEnd":{"$date":{"$numberLong":"941673600000"}},"Description":"Calgary-Athens-Calgary","Destination":"Greece","BasePrice":{"$numberDecimal":"1300.0000"},"AgencyCommission":{"$numberDecimal":"65.0000"},"BookingId":{"$numberInt":"410"},"RegionId":"MED","ClassId":"ECN","FeeId":"BK","ProductSupplierId":{"$numberInt":"7"}}
{"_id":{"$numberInt":"424"},"BookingDetailId":{"$numberInt":"424"},"ItineraryNo":{"$numberInt":"492"},"TripStart":{"$date":{"$numberLong":"940982400000"}},"TripEnd":{"$date":{"$numberLong":"941241600000"}},"Description":"cruise on the Greek's islands","Destination":"Greece","BasePrice":{"$numberDecimal":"650.0000"},"AgencyCommission":{"$numberDecimal":"19.5000"},"BookingId":{"$numberInt":"425"},"RegionId":"MED","ClassId":"INT","FeeId":"NC","ProductSupplierId":{"$numberInt":"49"}}
{"_id":{"$numberInt":"425"},"BookingDetailId":{"$numberInt":"425"},"ItineraryNo":{"$numberInt":"492"},"TripStart":{"$date":{"$numberLong":"940982400000"}},"TripEnd":{"$date":{"$numberLong":"941241600000"}},"Description":"cruise on the Greek's islands","Destination":"Greece","BasePrice":{"$numberDecimal":"650.0000"},"AgencyCommission":{"$numberDecimal":"19.5000"},"BookingId":{"$numberInt":"425"},"RegionId":"MED","ClassId":"INT","FeeId":"NC","ProductSupplierId":{"$numberInt":"49"}}
{"_id":{"$numberInt":"442"},"BookingDetailId":{"$numberInt":"442"},"ItineraryNo":{"$numberInt":"654"},"TripStart":{"$date":{"$numberLong":"941673600000"}},"TripEnd":{"$date":{"$numberLong":"942105600000"}},"Description":"Calgary/London/Calgary","Destination":"London, England","BasePrice":{"$numberDecimal":"629.0000"},"AgencyCommission":{"$numberDecimal":"31.4500"},"BookingId":{"$numberInt":"442"},"RegionId":"EU","ClassId":"ECN","FeeId":"BK","ProductSupplierId":{"$numberInt":"23"}}
{"_id":{"$numberInt":"443"},"BookingDetailId":{"$numberInt":"443"},"ItineraryNo":{"$numberInt":"691"},"TripStart":{"$date":{"$numberLong":"941760000000"}},"TripEnd":{"$date":{"$numberLong":"942192000000"}},"Description":"Calgary/Paris/Calgary","Destination":"Paris, France","BasePrice":{"$numberDecimal":"4599.0000"},"AgencyCommission":{"$numberDecimal":"70.0000"},"BookingId":{"$numberInt":"443"},"RegionId":"EU","ClassId":"FST","FeeId":"BK","ProductSupplierId":{"$numberInt":"23"}}
{"_id":{"$numberInt":"449"},"BookingDetailId":{"$numberInt":"449"},"ItineraryNo":{"$numberInt":"645"},"TripStart":{"$date":{"$numberLong":"941846400000"}},"TripEnd":{"$date":{"$numberLong":"942278400000"}},"Description":"Calgary/Toronto/Calgary","Destination":"Toronto","BasePrice":{"$numberDecimal":"599.0000"},"AgencyCommission":{"$numberDecimal":"29.9500"},"BookingId":{"$numberInt":"449"},"RegionId":"NA","ClassId":"ECN","FeeId":"BK","ProductSupplierId":{"$numberInt":"44"}}
{"_id":{"$numberInt":"458"},"BookingDetailId":{"$numberInt":"458"},"ItineraryNo":{"$numberInt":"323"},"TripStart":{"$date":{"$numberLong":"944611200000"}},"TripEnd":{"$date":{"$numberLong":"944956800000"}},"Description":"Calgary/Edmonton/Calgary","Destination":"Edmonton","BasePrice":{"$numberDecimal":"300.0000"},"AgencyCommission":{"$numberDecimal":"15.0000"},"BookingId":{"$numberInt":"517"},"RegionId":"NA","ClassId":"BSN","FeeId":"BK","ProductSupplierId":{"$numberInt":"44"}}
{"_id":{"$numberInt":"482"},"BookingDetailId":{"$numberInt":"482"},"ItineraryNo":{"$numberInt":"740"},"TripStart":{"$date":{"$numberLong":"942796800000"}},"TripEnd":{"$date":{"$numberLong":"943315200000"}},"Description":"Hilton","Destination":"Sydney, Australia","BasePrice":{"$numberDecimal":"590.0000"},"AgencyCommission":{"$numberDecimal":"6.7850"},"BookingId":{"$numberInt":"482"},"RegionId":"ANZ","ClassId":"DLX","FeeId":"BK","ProductSupplierId":{"$numberInt":"31"}}
{"_id":{"$numberInt":"484"},"BookingDetailId":{"$numberInt":"484"},"ItineraryNo":{"$numberInt":"549"},"TripStart":{"$date":{"$numberLong":"942537600000"}},"TripEnd":{"$date":{"$numberLong":"942969600000"}},"Description":"Calgary/Toronto/Calgary","Destination":"Toronto","BasePrice":{"$numberDecimal":"600.0000"},"AgencyCommission":{"$numberDecimal":"30.0000"},"BookingId":{"$numberInt":"484"},"RegionId":"NA","ClassId":"ECN","FeeId":"BK","ProductSupplierId":{"$numberInt":"23"}}
{"_id":{"$numberInt":"488"},"BookingDetailId":{"$numberInt":"488"},"ItineraryNo":{"$numberInt":"601"},"TripStart":{"$date":{"$numberLong":"942537600000"}},"TripEnd":{"$date":{"$numberLong":"942969600000"}},"Description":"Niagara on the Lake","Destination":"Niagara","BasePrice":{"$numberDecimal":"675.0000"},"AgencyCommission":{"$numberDecimal":"7.7625"},"BookingId":{"$numberInt":"488"},"RegionId":"NA","ClassId":"DLX","FeeId":"BK","ProductSupplierId":{"$numberInt":"33"}}
{"_id":{"$numberInt":"489"},"BookingDetailId":{"$numberInt":"489"},"ItineraryNo":{"$numberInt":"1040"},"TripStart":{"$date":{"$numberLong":"942796800000"}},"TripEnd":{"$date":{"$numberLong":"943315200000"}},"Description":"Calgary/Sydney/Calgary","Destination":"Sydney, Australia","BasePrice":{"$numberDecimal":"625.0000"},"AgencyCommission":{"$numberDecimal":"31.2500"},"BookingId":{"$numberInt":"489"},"RegionId":"ANZ","ClassId":"FST","FeeId":"BK","ProductSupplierId":{"$numberInt":"23"}}
{"_id":{"$numberInt":"510"},"BookingDetailId":{"$numberInt":"510"},"ItineraryNo":{"$numberInt":"587"},"TripStart":{"$date":{"$numberLong":"944092800000"}},"TripEnd":{"$date":{"$numberLong":"944438400000"}},"Description":"Ramada","Destination":"Toronto","BasePrice":{"$numberDecimal":"650.0000"},"AgencyCommission":{"$numberDecimal":"7.4750"},"BookingId":{"$numberInt":"510"},"RegionId":"NA","ClassId":"SNG","FeeId":"BK","ProductSupplierId":{"$numberInt":"35"}}
{"_id":{"$numberInt":"511"},"BookingDetailId":{"$numberInt":"511"},"ItineraryNo":{"$numberInt":"745"},"TripStart":{"$date":{"$numberLong":"942710400000"}},"TripEnd":{"$date":{"$numberLong":"943228800000"}},"Description":"Niagara on the Lake","Destination":"Niagara","BasePrice":{"$numberDecimal":"620.0000"},"AgencyCommission":{"$numberDecimal":"7.1300"},"BookingId":{"$numberInt":"511"},"RegionId":"NA","ClassId":"DLX","FeeId":"BK","ProductSupplierId":{"$numberInt":"33"}}
{"_id":{"$numberInt":"512"},"BookingDetailId":{"$numberInt":"512"},"ItineraryNo":{"$numberInt":"903"},"TripStart":{"$date":{"$numberLong":"942710400000"}},"TripEnd":{"$date":{"$numberLong":"943228800000"}},"Description":"Calgary/Toronto/Calgary","Destination":"Toronto","BasePrice":{"$numberDecimal":"499.0000"},"AgencyCommission":{"$numberDecimal":"24.9500"},"BookingId":{"$numberInt":"512"},"RegionId":"NA","ClassId":"ECN","FeeId":"BK","ProductSupplierId":{"$numberInt":"23"}}
{"_id":{"$numberInt":"517"},"BookingDetailId":{"$numberInt":"517"},"ItineraryNo":{"$numberInt":"695"},"TripStart":{"$date":{"$numberLong":"944092800000"}},"TripEnd":{"$date":{"$numberLong":"944438400000"}},"Description":"Calgary/Toronto/Calgary","Destination":"Toronto","BasePrice":{"$numberDecimal":"700.0000"},"AgencyCommission":{"$numberDecimal":"35.0000"},"BookingId":{"$numberInt":"517"},"RegionId":"NA","ClassId":"FST","FeeId":"BK","ProductSupplierId":{"$numberInt":"44"}}
{"_id":{"$numberInt":"529"},"BookingDetailId":{"$numberInt":"529"},"ItineraryNo":{"$numberInt":"479"},"TripStart":{"$date":{"$numberLong":"944956800000"}},"TripEnd":{"$date":{"$numberLong":"945561600000"}},"Description":"Calgary/Vancouver/Calgary","Destination":"Vancouver","BasePrice":{"$numberDecimal":"350.0000"},"AgencyCommission":{"$numberDecimal":"17.5000"},"BookingId":{"$numberInt":"529"},"RegionId":"NA","ClassId":"BSN","FeeId":"BK","ProductSupplierId":{"$numberInt":"44"}}
{"_id":{"$numberInt":"546"},"BookingDetailId":{"$numberInt":"546"},"ItineraryNo":{"$numberInt":"482"},"TripStart":{"$date":{"$numberLong":"947462400000"}},"TripEnd":{"$date":{"$numberLong":"947894400000"}},"Description":"Calgary/Montreal/Calgary","Destination":"Montreal","BasePrice":{"$numberDecimal":"800.0000"},"AgencyCommission":{"$numberDecimal":"40.0000"},"BookingId":{"$numberInt":"546"},"RegionId":"NA","ClassId":"BSN","FeeId":"BK","ProductSupplierId":{"$numberInt":"44"}}
{"_id":{"$numberInt":"553"},"BookingDetailId":{"$numberInt":"553"},"ItineraryNo":{"$numberInt":"233"},"TripStart":{"$date":{"$numberLong":"947721600000"}},"TripEnd":{"$date":{"$numberLong":"948153600000"}},"Description":"Calgary/Montreal/Calgary","Destination":"Montreal","BasePrice":{"$numberDecimal":"750.0000"},"AgencyCommission":{"$numberDecimal":"37.5000"},"BookingId":{"$numberInt":"553"},"RegionId":"NA","ClassId":"BSN","FeeId":"BK","ProductSupplierId":{"$numberInt":"44"}}
{"_id":{"$numberInt":"594"},"BookingDetailId":{"$numberInt":"594"},"ItineraryNo":{"$numberInt":"497"},"TripStart":{"$date":{"$numberLong":"948326400000"}},"TripEnd":{"$date":{"$numberLong":"948758400000"}},"Description":"Calgary/Toronto/Calgary","Destination":"Toronto","BasePrice":{"$numberDecimal":"650.0000"},"AgencyCommission":{"$numberDecimal":"32.5000"},"BookingId":{"$numberInt":"594"},"RegionId":"NA","ClassId":"BSN","FeeId":"BK","ProductSupplierId":{"$numberInt":"44"}}
{"_id":{"$numberInt":"596"},"BookingDetailId":{"$numberInt":"596"},"ItineraryNo":{"$numberInt":"343"},"TripStart":{"$date":{"$numberLong":"949795200000"}},"TripEnd":{"$date":{"$numberLong":"950140800000"}},"Description":"Calgary/London/Calgary","Destination":"London, England","BasePrice":{"$numberDecimal":"850.0000"},"AgencyCommission":{"$numberDecimal":"42.5000"},"BookingId":{"$numberInt":"596"},"RegionId":"EU","ClassId":"BSN","FeeId":"BK","ProductSupplierId":{"$numberInt":"44"}}
{"_id":{"$numberInt":"598"},"BookingDetailId":{"$numberInt":"598"},"ItineraryNo":{"$numberInt":"401"},"TripStart":{"$date":{"$numberLong":"949795200000"}},"TripEnd":{"$date":{"$numberLong":"950140800000"}},"Description":"Calgary/London/Calgary","Destination":"London, England","BasePrice":{"$numberDecimal":"850.0000"},"AgencyCommission":{"$numberDecimal":"42.5000"},"BookingId":{"$numberInt":"598"},"RegionId":"EU","ClassId":"BSN","FeeId":"BK","ProductSupplierId":{"$numberInt":"44"}}
{"_id":{"$numberInt":"600"},"BookingDetailId":{"$numberInt":"600"},"ItineraryNo":{"$numberInt":"642"},"TripStart":{"$date":{"$numberLong":"949795200000"}},"TripEnd":{"$date":{"$numberLong":"950140800000"}},"Description":"cancellation/medical policy # 97543","Destination":" ","BasePrice":{"$numberDecimal":"200.0000"},"AgencyCommission":{"$numberDecimal":"4.0000"},"BookingId":{"$numberInt":"600"},"RegionId":"EU","ClassId":"NA","FeeId":"NC","ProductSupplierId":{"$numberInt":"39"}}
{"_id":{"$numberInt":"604"},"BookingDetailId":{"$numberInt":"604"},"ItineraryNo":{"$numberInt":"651"},"TripStart":{"$date":{"$numberLong":"949795200000"}},"TripEnd":{"$date":{"$numberLong":"950227200000"}},"Description":"Calgary/Toronto/Calgary","Destination":"Toronto","BasePrice":{"$numberDecimal":"700.0000"},"AgencyCommission":{"$numberDecimal":"35.0000"},"BookingId":{"$numberInt":"604"},"RegionId":"NA","ClassId":"FST","FeeId":"BK","ProductSupplierId":{"$numberInt":"44"}}
{"_id":{"$numberInt":"605"},"BookingDetailId":{"$numberInt":"605"},"ItineraryNo":{"$numberInt":"780"},"TripStart":{"$date":{"$numberLong":"949968000000"}},"TripEnd":{"$date":{"$numberLong":"950313600000"}},"Description":"Calgary/Toronto/Calgary","Destination":"Toronto","BasePrice":{"$numberDecimal":"700.0000"},"AgencyCommission":{"$numberDecimal":"35.0000"},"BookingId":{"$numberInt":"605"},"RegionId":"NA","ClassId":"FST","FeeId":"BK","ProductSupplierId":{"$numberInt":"44"}}
{"_id":{"$numberInt":"609"},"BookingDetailId":{"$numberInt":"609"},"ItineraryNo":{"$numberInt":"588"},"TripStart":{"$date":{"$numberLong":"949190400000"}},"TripEnd":{"$date":{"$numberLong":"950140800000"}},"Description":" ","Destination":"Hong Kong, China","BasePrice":{"$numberDecimal":"900.0000"},"AgencyCommission":{"$numberDecimal":"10.3500"},"BookingId":{"$numberInt":"609"},"RegionId":"ASIA","ClassId":"DLX","FeeId":"BK","ProductSupplierId":{"$numberInt":"41"}}
{"_id":{"$numberInt":"613"},"BookingDetailId":{"$numberInt":"613"},"ItineraryNo":{"$numberInt":"629"},"TripStart":{"$date":{"$numberLong":"949190400000"}},"TripEnd":{"$date":{"$numberLong":"950140800000"}},"Description":"Calgary/Hong Kong/Calgary","Destination":"Hong Kong, China","BasePrice":{"$numberDecimal":"5200.0000"},"AgencyCommission":{"$numberDecimal":"260.0000"},"BookingId":{"$numberInt":"613"},"RegionId":"ASIA","ClassId":"FST","FeeId":"BK","ProductSupplierId":{"$numberInt":"44"}}
{"_id":{"$numberInt":"614"},"BookingDetailId":{"$numberInt":"614"},"ItineraryNo":{"$numberInt":"629"},"TripStart":{"$date":{"$numberLong":"949190400000"}},"TripEnd":{"$date":{"$numberLong":"950140800000"}},"Description":"cancellation/medical policy # 98123","Destination":" ","BasePrice":{"$numberDecimal":"250.0000"},"AgencyCommission":{"$numberDecimal":"5.0000"},"BookingId":{"$numberInt":"614"},"RegionId":"ASIA","ClassId":"NA","FeeId":"NC","ProductSupplierId":{"$numberInt":"39"}}
{"_id":{"$numberInt":"618"},"BookingDetailId":{"$numberInt":"618"},"ItineraryNo":{"$numberInt":"790"},"TripStart":{"$date":{"$numberLong":"949795200000"}},"TripEnd":{"$date":{"$numberLong":"950140800000"}},"Description":"Calgary/Toronto/Calgary","Destination":"Toronto","BasePrice":{"$numberDecimal":"700.0000"},"AgencyCommission":{"$numberDecimal":"35.0000"},"BookingId":{"$numberInt":"618"},"RegionId":"NA","ClassId":"FST","FeeId":"BK","ProductSupplierId":{"$numberInt":"44"}}
{"_id":{"$numberInt":"622"},"BookingDetailId":{"$numberInt":"622"},"ItineraryNo":{"$numberInt":"863"},"TripStart":{"$date":{"$numberLong":"949795200000"}},"TripEnd":{"$date":{"$numberLong":"950140800000"}},"Description":"Radisson","Destination":"London, England","BasePrice":{"$numberDecimal":"990.0000"},"AgencyCommission":{"$numberDecimal":"11.3850"},"BookingId":{"$numberInt":"622"},"RegionId":"EU","ClassId":"DLX","FeeId":"BK","ProductSupplierId":{"$numberInt":"37"}}
{"_id":{"$numberInt":"631"},"BookingDetailId":{"$numberInt":"631"},"ItineraryNo":{"$numberInt":"172"},"TripStart":{"$date":{"$numberLong":"949708800000"}},"TripEnd":{"$date":{"$numberLong":"950054400000"}},"Description":"Calgary/Toronto/Calgary","Destination":"Toronto","BasePrice":{"$numberDecimal":"750.0000"},"AgencyCommission":{"$numberDecimal":"37.5000"},"BookingId":{"$numberInt":"631"},"RegionId":"NA","ClassId":"BSN","FeeId":"BK","ProductSupplierId":{"$numberInt":"44"}}
{"_id":{"$numberInt":"665"},"BookingDetailId":{"$numberInt":"665"},"ItineraryNo":{"$numberInt":"502"},"TripStart":{"$date":{"$numberLong":"951782400000"}},"TripEnd":{"$date":{"$numberLong":"952041600000"}},"Description":"Calgary/Rio de Janeiro/Calgary","Destination":"Rio de Janeiro, Brazil","BasePrice":{"$numberDecimal":"1130.0000"},"AgencyCommission":{"$numberDecimal":"56.5000"},"BookingId":{"$numberInt":"665"},"RegionId":"SA","ClassId":"BSN","FeeId":"BK","ProductSupplierId":{"$numberInt":"44"}}
{"_id":{"$numberInt":"676"},"BookingDetailId":{"$numberInt":"676"},"ItineraryNo":{"$numberInt":"695"},"TripStart":{"$date":{"$numberLong":"952041600000"}},"TripEnd":{"$date":{"$numberLong":"952300800000"}},"Description":"Calgary/Toronto/Calgary","Destination":"Toronto","BasePrice":{"$numberDecimal":"800.0000"},"AgencyCommission":{"$numberDecimal":"40.0000"},"BookingId":{"$numberInt":"676"},"RegionId":"NA","ClassId":"FST","FeeId":"BK","ProductSupplierId":{"$numberInt":"44"}}
{"_id":{"$numberInt":"677"},"BookingDetailId":{"$numberInt":"677"},"ItineraryNo":{"$numberInt":"574"},"TripStart":{"$date":{"$numberLong":"951782400000"}},"TripEnd":{"$date":{"$numberLong":"952041600000"}},"Description":"Radisson","Destination":"Rio de Janeiro, Brazil","BasePrice":{"$numberDecimal":"1000.0000"},"AgencyCommission":{"$numberDecimal":"32.5000"},"BookingId":{"$numberInt":"677"},"RegionId":"SA","ClassId":"DLX","FeeId":"BK","ProductSupplierId":{"$numberInt":"37"}}
{"_id":{"$numberInt":"682"},"BookingDetailId":{"$numberInt":"682"},"ItineraryNo":{"$numberInt":"686"},"TripStart":{"$date":{"$numberLong":"951782400000"}},"TripEnd":{"$date":{"$numberLong":"952041600000"}},"Description":"cancellation/medical policy # 92165","Destination":" ","BasePrice":{"$numberDecimal":"230.0000"},"AgencyCommission":{"$numberDecimal":"4.6000"},"BookingId":{"$numberInt":"682"},"RegionId":"SA","ClassId":"NA","FeeId":"NC","ProductSupplierId":{"$numberInt":"45"}}
{"_id":{"$numberInt":"689"},"BookingDetailId":{"$numberInt":"689"},"ItineraryNo":{"$numberInt":"570"},"TripStart":{"$date":{"$numberLong":"952992000000"}},"TripEnd":{"$date":{"$numberLong":"954892800000"}},"Description":"Calgary, Toronto,Montreal, Ottawa t","Destination":"Canada","BasePrice":{"$numberDecimal":"3550.0000"},"AgencyCommission":{"$numberDecimal":"133.1250"},"BookingId":{"$numberInt":"776"},"RegionId":"NA","ClassId":"NA","FeeId":"BK","ProductSupplierId":{"$numberInt":"46"}}
{"_id":{"$numberInt":"709"},"BookingDetailId":{"$numberInt":"709"},"ItineraryNo":{"$numberInt":"471"},"TripStart":{"$date":{"$numberLong":"952473600000"}},"TripEnd":{"$date":{"$numberLong":"952819200000"}},"Description":"Calgary/Houston/Calgary","Destination":"Houston","BasePrice":{"$numberDecimal":"720.0000"},"AgencyCommission":{"$numberDecimal":"36.0000"},"BookingId":{"$numberInt":"709"},"RegionId":"NA","ClassId":"BSN","FeeId":"BK","ProductSupplierId":{"$numberInt":"44"}}
{"_id":{"$numberInt":"714"},"BookingDetailId":{"$numberInt":"714"},"ItineraryNo":{"$numberInt":"555"},"TripStart":{"$date":{"$numberLong":"952387200000"}},"TripEnd":{"$date":{"$numberLong":"952732800000"}},"Description":"Calgary/Toronto/Calgary","Destination":"Toronto","BasePrice":{"$numberDecimal":"725.0000"},"AgencyCommission":{"$numberDecimal":"36.2500"},"BookingId":{"$numberInt":"714"},"RegionId":"NA","ClassId":"BSN","FeeId":"BK","ProductSupplierId":{"$numberInt":"44"}}
{"_id":{"$numberInt":"722"},"BookingDetailId":{"$numberInt":"722"},"ItineraryNo":{"$numberInt":"548"},"TripStart":{"$date":{"$numberLong":"951436800000"}},"TripEnd":{"$date":{"$numberLong":"951868800000"}},"Description":"Calgary/London/Calgary","Destination":"London, England","BasePrice":{"$numberDecimal":"800.0000"},"AgencyCommission":{"$numberDecimal":"40.0000"},"BookingId":{"$numberInt":"722"},"RegionId":"EU","ClassId":"BSN","FeeId":"BK","ProductSupplierId":{"$numberInt":"44"}}
{"_id":{"$numberInt":"739"},"BookingDetailId":{"$numberInt":"739"},"ItineraryNo":{"$numberInt":"1020"},"TripStart":{"$date":{"$numberLong":"953078400000"}},"TripEnd":{"$date":{"$numberLong":"954892800000"}},"Description":"Calgary, Toronto,Montreal, Ottawa t","Destination":"Canada","BasePrice":{"$numberDecimal":"3550.0000"},"AgencyCommission":{"$numberDecimal":"133.1250"},"BookingId":{"$numberInt":"776"},"RegionId":"NA","ClassId":"NA","FeeId":"BK","ProductSupplierId":{"$numberInt":"46"}}
{"_id":{"$numberInt":"740"},"BookingDetailId":{"$numberInt":"740"},"ItineraryNo":{"$numberInt":"589"},"TripStart":{"$date":{"$numberLong":"952905600000"}},"TripEnd":{"$date":{"$numberLong":"953337600000"}},"Description":"Calgary/Houston/Calgary","Destination":"Houston","BasePrice":{"$numberDecimal":"720.0000"},"AgencyCommission":{"$numberDecimal":"36.0000"},"BookingId":{"$numberInt":"740"},"RegionId":"NA","ClassId":"BSN","FeeId":"BK","ProductSupplierId":{"$numberInt":"44"}}
{"_id":{"$numberInt":"777"},"BookingDetailId":{"$numberInt":"777"},"ItineraryNo":{"$numberInt":"672"},"TripStart":{"$date":{"$numberLong":"953164800000"}},"TripEnd":{"$date":{"$numberLong":"954979200000"}},"Description":"cancellation policy # 11191817","Destination":"USA, Mexic","BasePrice":{"$numberDecimal":"180.0000"},"AgencyCommission":{"$numberDecimal":"3.6000"},"BookingId":{"$numberInt":"777"},"RegionId":"NA","ClassId":"NA","FeeId":"NC","ProductSupplierId":{"$numberInt":"69"}}
{"_id":{"$numberInt":"805"},"BookingDetailId":{"$numberInt":"805"},"ItineraryNo":{"$numberInt":"833"},"TripStart":{"$date":{"$numberLong":"953164800000"}},"TripEnd":{"$date":{"$numberLong":"954979200000"}},"Description":"CALGARY-LOS ANGELES-MexicoCity-CALG","Destination":"USA, Mexic","BasePrice":{"$numberDecimal":"5175.0000"},"AgencyCommission":{"$numberDecimal":"194.0625"},"BookingId":{"$numberInt":"805"},"RegionId":"NA","ClassId":"NA","FeeId":"BK","ProductSupplierId":{"$numberInt":"67"}}
{"_id":{"$numberInt":"826"},"BookingDetailId":{"$numberInt":"826"},"ItineraryNo":{"$numberInt":"675"},"TripStart":{"$date":{"$numberLong":"953769600000"}},"TripEnd":{"$date":{"$numberLong":"955929600000"}},"Description":"Calgary, Toronto,montreal, Ottawa t","Destination":"Canada","BasePrice":{"$numberDecimal":"4780.0000"},"AgencyCommission":{"$numberDecimal":"179.2500"},"BookingId":{"$numberInt":"826"},"RegionId":"NA","ClassId":"NA","FeeId":"BK","ProductSupplierId":{"$numberInt":"57"}}
{"_id":{"$numberInt":"827"},"BookingDetailId":{"$numberInt":"827"},"ItineraryNo":{"$numberInt":"716"},"TripStart":{"$date":{"$numberLong":"954115200000"}},"TripEnd":{"$date":{"$numberLong":"954115200000"}},"Description":"Ride Niagara","Destination":"Canada","BasePrice":{"$numberDecimal":"150.0000"},"AgencyCommission":{"$numberDecimal":"0.0000"},"BookingId":{"$numberInt":"827"},"RegionId":"NA","ClassId":"NA","FeeId":"BK","ProductSupplierId":{"$numberInt":"58"}}
{"_id":{"$numberInt":"838"},"BookingDetailId":{"$numberInt":"838"},"ItineraryNo":{"$numberInt":"259"},"TripStart":{"$date":{"$numberLong":"955324800000"}},"TripEnd":{"$date":{"$numberLong":"955756800000"}},"Description":"Calgary/Sydney/Calgary","Destination":"Sydney, Australia","BasePrice":{"$numberDecimal":"2100.0000"},"AgencyCommission":{"$numberDecimal":"105.0000"},"BookingId":{"$numberInt":"838"},"RegionId":"ANZ","ClassId":"BSN","FeeId":"BK","ProductSupplierId":{"$numberInt":"44"}}
{"_id":{"$numberInt":"852"},"BookingDetailId":{"$numberInt":"852"},"ItineraryNo":{"$numberInt":"271"},"TripStart":{"$date":{"$numberLong":"955670400000"}},"TripEnd":{"$date":{"$numberLong":"956102400000"}},"Description":"Calgary/Sydney/Calgary","Destination":"Sydney, Australia","BasePrice":{"$numberDecimal":"2100.0000"},"AgencyCommission":{"$numberDecimal":"105.0000"},"BookingId":{"$numberInt":"852"},"RegionId":"ANZ","ClassId":"BSN","FeeId":"BK","ProductSupplierId":{"$numberInt":"44"}}
{"_id":{"$numberInt":"857"},"BookingDetailId":{"$numberInt":"857"},"ItineraryNo":{"$numberInt":"781"},"TripStart":{"$date":{"$numberLong":"955670400000"}},"TripEnd":{"$date":{"$numberLong":"956102400000"}},"Description":"full-size car","Destination":"Sydney, Australia","BasePrice":{"$numberDecimal":"800.0000"},"AgencyCommission":{"$numberDecimal":"24.8000"},"BookingId":{"$numberInt":"857"},"RegionId":"ANZ","ClassId":"NA","FeeId":"NC","ProductSupplierId":{"$numberInt":"61"}}
{"_id":{"$numberInt":"866"},"BookingDetailId":{"$numberInt":"866"},"ItineraryNo":{"$numberInt":"851"},"TripStart":{"$date":{"$numberLong":"955670400000"}},"TripEnd":{"$date":{"$numberLong":"956102400000"}},"Description":"World Access","Destination":"Sydney, Australia","BasePrice":{"$numberDecimal":"1900.0000"},"AgencyCommission":{"$numberDecimal":"61.7500"},"BookingId":{"$numberInt":"866"},"RegionId":"ANZ","ClassId":"DLX","FeeId":"BK","ProductSupplierId":{"$numberInt":"60"}}
{"_id":{"$numberInt":"876"},"BookingDetailId":{"$numberInt":"876"},"ItineraryNo":{"$numberInt":"1116"},"TripStart":{"$date":{"$numberLong":"955670400000"}},"TripEnd":{"$date":{"$numberLong":"956102400000"}},"Description":"cancellation/medical policy # 95678","Destination":" ","BasePrice":{"$numberDecimal":"230.0000"},"AgencyCommission":{"$numberDecimal":"4.6000"},"BookingId":{"$numberInt":"876"},"RegionId":"ANZ","ClassId":"NA","FeeId":"NC","ProductSupplierId":{"$numberInt":"47"}}
{"_id":{"$numberInt":"880"},"BookingDetailId":{"$numberInt":"880"},"ItineraryNo":{"$numberInt":"857"},"TripStart":{"$date":{"$numberLong":"955324800000"}},"TripEnd":{"$date":{"$numberLong":"955756800000"}},"Description":"World Access","Destination":"Sydney, Australia","BasePrice":{"$numberDecimal":"1900.0000"},"AgencyCommission":{"$numberDecimal":"61.7500"},"BookingId":{"$numberInt":"880"},"RegionId":"ANZ","ClassId":"DLX","FeeId":"BK","ProductSupplierId":{"$numberInt":"60"}}
{"_id":{"$numberInt":"886"},"BookingDetailId":{"$numberInt":"886"},"ItineraryNo":{"$numberInt":"1117"},"TripStart":{"$date":{"$numberLong":"955324800000"}},"TripEnd":{"$date":{"$numberLong":"955756800000"}},"Description":"midsize car","Destination":"Sydney, Australia","BasePrice":{"$numberDecimal":"900.0000"},"AgencyCommission":{"$numberDecimal":"27.9000"},"BookingId":{"$numberInt":"884"},"RegionId":"ANZ","ClassId":"NA","FeeId":"NC","ProductSupplierId":{"$numberInt":"61"}}
{"_id":{"$numberInt":"902"},"BookingDetailId":{"$numberInt":"902"},"ItineraryNo":{"$numberInt":"751"},"TripStart":{"$date":{"$numberLong":"956620800000"}},"TripEnd":{"$date":{"$numberLong":"958435200000"}},"Description":"Calgary-Auckland flight","Destination":"NZ","BasePrice":{"$numberDecimal":"3000.0000"},"AgencyCommission":{"$numberDecimal":"150.0000"},"BookingId":{"$numberInt":"902"},"RegionId":"ANZ","ClassId":"BSN","FeeId":"BK","ProductSupplierId":{"$numberInt":"19"}}
{"_id":{"$numberInt":"910"},"BookingDetailId":{"$numberInt":"910"},"ItineraryNo":{"$numberInt":"150"},"TripStart":{"$date":{"$numberLong":"958435200000"}},"TripEnd":{"$date":{"$numberLong":"959212800000"}},"Description":"Calgary/London/Calgary","Destination":"London, England","BasePrice":{"$numberDecimal":"900.0000"},"AgencyCommission":{"$numberDecimal":"45.0000"},"BookingId":{"$numberInt":"910"},"RegionId":"EU","ClassId":"BSN","FeeId":"BK","ProductSupplierId":{"$numberInt":"44"}}
{"_id":{"$numberInt":"940"},"BookingDetailId":{"$numberInt":"940"},"ItineraryNo":{"$numberInt":"1131"},"TripStart":{"$date":{"$numberLong":"957484800000"}},"TripEnd":{"$date":{"$numberLong":"959904000000"}},"Description":"Calgary/Toronto/Montreal tour","Destination":"Canada","BasePrice":{"$numberDecimal":"2600.0000"},"AgencyCommission":{"$numberDecimal":"97.5000"},"BookingId":{"$numberInt":"939"},"RegionId":"NA","ClassId":"FST","FeeId":"BK","ProductSupplierId":{"$numberInt":"67"}}
{"_id":{"$numberInt":"943"},"BookingDetailId":{"$numberInt":"943"},"ItineraryNo":{"$numberInt":"821"},"TripStart":{"$date":{"$numberLong":"957571200000"}},"TripEnd":{"$date":{"$numberLong":"959990400000"}},"Description":"Tahiti - South Seas","Destination":" ","BasePrice":{"$numberDecimal":"8562.0000"},"AgencyCommission":{"$numberDecimal":"256.8600"},"BookingId":{"$numberInt":"943"},"RegionId":"SP","ClassId":"INT","FeeId":"NC","ProductSupplierId":{"$numberInt":"70"}}
{"_id":{"$numberInt":"955"},"BookingDetailId":{"$numberInt":"955"},"ItineraryNo":{"$numberInt":"141"},"TripStart":{"$date":{"$numberLong":"958176000000"}},"TripEnd":{"$date":{"$numberLong":"958953600000"}},"Description":"Calgary/Paris/Calgary","Destination":"Paris, France","BasePrice":{"$numberDecimal":"950.0000"},"AgencyCommission":{"$numberDecimal":"47.5000"},"BookingId":{"$numberInt":"973"},"RegionId":"EU","ClassId":"BSN","FeeId":"BK","ProductSupplierId":{"$numberInt":"44"}}
{"_id":{"$numberInt":"960"},"BookingDetailId":{"$numberInt":"960"},"ItineraryNo":{"$numberInt":"186"},"TripStart":{"$date":{"$numberLong":"958262400000"}},"TripEnd":{"$date":{"$numberLong":"959040000000"}},"Description":"Calgary/Toronto/Calgary","Destination":"Toronto","BasePrice":{"$numberDecimal":"650.0000"},"AgencyCommission":{"$numberDecimal":"32.5000"},"BookingId":{"$numberInt":"960"},"RegionId":"NA","ClassId":"BSN","FeeId":"BK","ProductSupplierId":{"$numberInt":"44"}}
{"_id":{"$numberInt":"967"},"BookingDetailId":{"$numberInt":"967"},"ItineraryNo":{"$numberInt":"392"},"TripStart":{"$date":{"$numberLong":"958176000000"}},"TripEnd":{"$date":{"$numberLong":"958953600000"}},"Description":"World Access","Destination":"Paris, France","BasePrice":{"$numberDecimal":"1200.0000"},"AgencyCommission":{"$numberDecimal":"39.0000"},"BookingId":{"$numberInt":"973"},"RegionId":"EU","ClassId":"DLX","FeeId":"BK","ProductSupplierId":{"$numberInt":"60"}}
{"_id":{"$numberInt":"972"},"BookingDetailId":{"$numberInt":"972"},"ItineraryNo":{"$numberInt":"812"},"TripStart":{"$date":{"$numberLong":"958176000000"}},"TripEnd":{"$date":{"$numberLong":"958953600000"}},"Description":"midsize car","Destination":"Paris, France","BasePrice":{"$numberDecimal":"850.0000"},"AgencyCommission":{"$numberDecimal":"26.3500"},"BookingId":{"$numberInt":"973"},"RegionId":"EU","ClassId":"NA","FeeId":"NC","ProductSupplierId":{"$numberInt":"61"}}
{"_id":{"$numberInt":"973"},"BookingDetailId":{"$numberInt":"973"},"ItineraryNo":{"$numberInt":"812"},"TripStart":{"$date":{"$numberLong":"958176000000"}},"TripEnd":{"$date":{"$numberLong":"958953600000"}},"Description":"cancellation policy # 4987140","Destination":" ","BasePrice":{"$numberDecimal":"300.0000"},"AgencyCommission":{"$numberDecimal":"6.0000"},"BookingId":{"$numberInt":"973"},"RegionId":"EU","ClassId":"NA","FeeId":"NC","ProductSupplierId":{"$numberInt":"47"}}
{"_id":{"$numberInt":"988"},"BookingDetailId":{"$numberInt":"988"},"ItineraryNo":{"$numberInt":"301"},"TripStart":{"$date":{"$numberLong":"958694400000"}},"TripEnd":{"$date":{"$numberLong":"961372800000"}},"Description":"cancellation/medical policy #923665","Destination":"Peru, argentina, Bollivi","BasePrice":{"$numberDecimal":"345.0000"},"AgencyCommission":{"$numberDecimal":"6.9000"},"BookingId":{"$numberInt":"988"},"RegionId":"SA","ClassId":"NA","FeeId":"NC","ProductSupplierId":{"$numberInt":"50"}}
{"_id":{"$numberInt":"990"},"BookingDetailId":{"$numberInt":"990"},"ItineraryNo":{"$numberInt":"757"},"TripStart":{"$date":{"$numberLong":"958694400000"}},"TripEnd":{"$date":{"$numberLong":"961372800000"}},"Description":"Peru, Argentina, Bolivia tour","Destination":" ","BasePrice":{"$numberDecimal":"3980.0000"},"AgencyCommission":{"$numberDecimal":"149.2500"},"BookingId":{"$numberInt":"989"},"RegionId":"SA","ClassId":"NA","FeeId":"BK","ProductSupplierId":{"$numberInt":"28"}}
{"_id":{"$numberInt":"1002"},"BookingDetailId":{"$numberInt":"1002"},"ItineraryNo":{"$numberInt":"846"},"TripStart":{"$date":{"$numberLong":"958953600000"}},"TripEnd":{"$date":{"$numberLong":"959558400000"}},"Description":"Alaska","Destination":" ","BasePrice":{"$numberDecimal":"2531.0000"},"AgencyCommission":{"$numberDecimal":"75.9300"},"BookingId":{"$numberInt":"1001"},"RegionId":"NA","ClassId":"INT","FeeId":"NC","ProductSupplierId":{"$numberInt":"68"}}
{"_id":{"$numberInt":"1024"},"BookingDetailId":{"$numberInt":"1024"},"ItineraryNo":{"$numberInt":"346"},"TripStart":{"$date":{"$numberLong":"959817600000"}},"TripEnd":{"$date":{"$numberLong":"961113600000"}},"Description":"Asia-Africa-Mediteranean","Destination":" ","BasePrice":{"$numberDecimal":"12630.0000"},"AgencyCommission":{"$numberDecimal":"378.9000"},"BookingId":{"$numberInt":"1075"},"RegionId":"MED","ClassId":"ECN","FeeId":"NC","ProductSupplierId":{"$numberInt":"70"}}
{"_id":{"$numberInt":"1034"},"BookingDetailId":{"$numberInt":"1034"},"ItineraryNo":{"$numberInt":"716"},"TripStart":{"$date":{"$numberLong":"959990400000"}},"TripEnd":{"$date":{"$numberLong":"962150400000"}},"Description":"Calgary-Vancouver flight","Destination":"canada","BasePrice":{"$numberDecimal":"139.0000"},"AgencyCommission":{"$numberDecimal":"6.9500"},"BookingId":{"$numberInt":"1034"},"RegionId":"NA","ClassId":"FST","FeeId":"BK","ProductSupplierId":{"$numberInt":"19"}}
{"_id":{"$numberInt":"1067"},"BookingDetailId":{"$numberInt":"1067"},"ItineraryNo":{"$numberInt":"720"},"TripStart":{"$date":{"$numberLong":"960249600000"}},"TripEnd":{"$date":{"$numberLong":"962409600000"}},"Description":"Calgary-toronto-montreal flight","Destination":"Canada","BasePrice":{"$numberDecimal":"1000.0000"},"AgencyCommission":{"$numberDecimal":"50.0000"},"BookingId":{"$numberInt":"1067"},"RegionId":"NA","ClassId":"FST","FeeId":"BK","ProductSupplierId":{"$numberInt":"64"}}
{"_id":{"$numberInt":"1073"},"BookingDetailId":{"$numberInt":"1073"},"ItineraryNo":{"$numberInt":"761"},"TripStart":{"$date":{"$numberLong":"960249600000"}},"TripEnd":{"$date":{"$numberLong":"962409600000"}},"Description":"Toronto-Montreal-ottawa tour","Destination":"Canada","BasePrice":{"$numberDecimal":"3080.0000"},"AgencyCommission":{"$numberDecimal":"115.5000"},"BookingId":{"$numberInt":"1073"},"RegionId":"NA","ClassId":"NA","FeeId":"BK","ProductSupplierId":{"$numberInt":"48"}}
{"_id":{"$numberInt":"1089"},"BookingDetailId":{"$numberInt":"1089"},"ItineraryNo":{"$numberInt":"827"},"TripStart":{"$date":{"$numberLong":"959644800000"}},"TripEnd":{"$date":{"$numberLong":"960336000000"}},"Description":"Alaska plus air","Destination":" ","BasePrice":{"$numberDecimal":"3652.0000"},"AgencyCommission":{"$numberDecimal":"109.5600"},"BookingId":{"$numberInt":"1089"},"RegionId":"NA","ClassId":"INT","FeeId":"NC","ProductSupplierId":{"$numberInt":"75"}}
{"_id":{"$numberInt":"1105"},"BookingDetailId":{"$numberInt":"1105"},"ItineraryNo":{"$numberInt":"831"},"TripStart":{"$date":{"$numberLong":"959644800000"}},"TripEnd":{"$date":{"$numberLong":"960940800000"}},"Description":"Ryndam - Time Travel","Destination":" ","BasePrice":{"$numberDecimal":"5506.0000"},"AgencyCommission":{"$numberDecimal":"165.1800"},"BookingId":{"$numberInt":"1105"},"RegionId":"SA","ClassId":"OCNV","FeeId":"NC","ProductSupplierId":{"$numberInt":"70"}}
{"_id":{"$numberInt":"1141"},"BookingDetailId":{"$numberInt":"1141"},"ItineraryNo":{"$numberInt":"816"},"TripStart":{"$date":{"$numberLong":"958780800000"}},"TripEnd":{"$date":{"$numberLong":"958780800000"}},"Description":"Royal Ontario Museum","Destination":"Canada","BasePrice":{"$numberDecimal":"25.0000"},"AgencyCommission":{"$numberDecimal":"0.0000"},"BookingId":{"$numberInt":"1141"},"RegionId":"NA","ClassId":"NA","FeeId":"NC","ProductSupplierId":{"$numberInt":"79"}}
{"_id":{"$numberInt":"1165"},"BookingDetailId":{"$numberInt":"1165"},"ItineraryNo":{"$numberInt":"355"},"TripStart":{"$date":{"$numberLong":"963014400000"}},"TripEnd":{"$date":{"$numberLong":"963705600000"}},"Description":"Calgary/London/Calgary","Destination":"London, England","BasePrice":{"$numberDecimal":"850.0000"},"AgencyCommission":{"$numberDecimal":"42.5000"},"BookingId":{"$numberInt":"1165"},"RegionId":"EU","ClassId":"BSN","FeeId":"BK","ProductSupplierId":{"$numberInt":"44"}}
{"_id":{"$numberInt":"1178"},"BookingDetailId":{"$numberInt":"1178"},"ItineraryNo":{"$numberInt":"846"},"TripStart":{"$date":{"$numberLong":"963014400000"}},"TripEnd":{"$date":{"$numberLong":"963446400000"}},"Description":"Calgary/London/Calgary","Destination":"London, England","BasePrice":{"$numberDecimal":"850.0000"},"AgencyCommission":{"$numberDecimal":"42.5000"},"BookingId":{"$numberInt":"1178"},"RegionId":"EU","ClassId":"BSN","FeeId":"BK","ProductSupplierId":{"$numberInt":"44"}}
{"_id":{"$numberInt":"1188"},"BookingDetailId":{"$numberInt":"1188"},"ItineraryNo":{"$numberInt":"631"},"TripStart":{"$date":{"$numberLong":"964828800000"}},"TripEnd":{"$date":{"$numberLong":"966384000000"}},"Description":"Explorer cruise plus air","Destination":" ","BasePrice":{"$numberDecimal":"7593.0000"},"AgencyCommission":{"$numberDecimal":"227.7900"},"BookingId":{"$numberInt":"1187"},"RegionId":"SA","ClassId":"OCNV","FeeId":"NC","ProductSupplierId":{"$numberInt":"75"}}
{"_id":{"$numberInt":"1192"},"BookingDetailId":{"$numberInt":"1192"},"ItineraryNo":{"$numberInt":"250"},"TripStart":{"$date":{"$numberLong":"966038400000"}},"TripEnd":{"$date":{"$numberLong":"966384000000"}},"Description":"Calgary/Cape Town/Calgary","Destination":"Cape Town, South Africa","BasePrice":{"$numberDecimal":"2500.0000"},"AgencyCommission":{"$numberDecimal":"125.0000"},"BookingId":{"$numberInt":"1192"},"RegionId":"AFR","ClassId":"BSN","FeeId":"BK","ProductSupplierId":{"$numberInt":"44"}}
{"_id":{"$numberInt":"1194"},"BookingDetailId":{"$numberInt":"1194"},"ItineraryNo":{"$numberInt":"375"},"TripStart":{"$date":{"$numberLong":"966038400000"}},"TripEnd":{"$date":{"$numberLong":"966297600000"}},"Description":"Calgary/Montreal/Calgary","Destination":"Montreal","BasePrice":{"$numberDecimal":"870.0000"},"AgencyCommission":{"$numberDecimal":"43.5000"},"BookingId":{"$numberInt":"1194"},"RegionId":"NA","ClassId":"BSN","FeeId":"BK","ProductSupplierId":{"$numberInt":"44"}}
{"_id":{"$numberInt":"1202"},"BookingDetailId":{"$numberInt":"1202"},"ItineraryNo":{"$numberInt":"154"},"TripStart":{"$date":{"$numberLong":"967334400000"}},"TripEnd":{"$date":{"$numberLong":"967766400000"}},"Description":"Calgary/Hong Kong/Calgary","Destination":"Hong Kong, China","BasePrice":{"$numberDecimal":"1700.0000"},"AgencyCommission":{"$numberDecimal":"85.0000"},"BookingId":{"$numberInt":"1202"},"RegionId":"ASIA","ClassId":"BSN","FeeId":"BK","ProductSupplierId":{"$numberInt":"44"}}
{"_id":{"$numberInt":"1206"},"BookingDetailId":{"$numberInt":"1206"},"ItineraryNo":{"$numberInt":"605"},"TripStart":{"$date":{"$numberLong":"967161600000"}},"TripEnd":{"$date":{"$numberLong":"967593600000"}},"Description":"Calgary/Toronto/Calgary","Destination":"Toronto","BasePrice":{"$numberDecimal":"750.0000"},"AgencyCommission":{"$numberDecimal":"37.5000"},"BookingId":{"$numberInt":"1206"},"RegionId":"NA","ClassId":"BSN","FeeId":"BK","ProductSupplierId":{"$numberInt":"44"}}
{"_id":{"$numberInt":"1207"},"BookingDetailId":{"$numberInt":"1207"},"ItineraryNo":{"$numberInt":"188"},"TripStart":{"$date":{"$numberLong":"967334400000"}},"TripEnd":{"$date":{"$numberLong":"967766400000"}},"Description":" ","Destination":"Hong Kong, China","BasePrice":{"$numberDecimal":"2000.0000"},"AgencyCommission":{"$numberDecimal":"65.0000"},"BookingId":{"$numberInt":"1207"},"RegionId":"ASIA","ClassId":"BSN","FeeId":"NC","ProductSupplierId":{"$numberInt":"41"}}
{"_id":{"$numberInt":"1228"},"BookingDetailId":{"$numberInt":"1228"},"ItineraryNo":{"$numberInt":"527"},"TripStart":{"$date":{"$numberLong":"967075200000"}},"TripEnd":{"$date":{"$numberLong":"967507200000"}},"Description":"Calgary/London/Calgary","Destination":"London, England","BasePrice":{"$numberDecimal":"900.0000"},"AgencyCommission":{"$numberDecimal":"45.0000"},"BookingId":{"$numberInt":"1228"},"RegionId":"EU","ClassId":"BSN","FeeId":"BK","ProductSupplierId":{"$numberInt":"44"}}
{"_id":{"$numberInt":"1230"},"BookingDetailId":{"$numberInt":"1230"},"ItineraryNo":{"$numberInt":"864"},"TripStart":{"$date":{"$numberLong":"967075200000"}},"TripEnd":{"$date":{"$numberLong":"967507200000"}},"Description":"Calgary/Athens/Calgary","Destination":"Athens, Greece","BasePrice":{"$numberDecimal":"1100.0000"},"AgencyCommission":{"$numberDecimal":"55.0000"},"BookingId":{"$numberInt":"1230"},"RegionId":"MED","ClassId":"BSN","FeeId":"BK","ProductSupplierId":{"$numberInt":"44"}}
{"_id":{"$numberInt":"1240"},"BookingDetailId":{"$numberInt":"1240"},"ItineraryNo":{"$numberInt":"435"},"TripStart":{"$date":{"$numberLong":"969926400000"}},"TripEnd":{"$date":{"$numberLong":"970358400000"}},"Description":"Calgary/Montreal/Calgary","Destination":"Montreal","BasePrice":{"$numberDecimal":"950.0000"},"AgencyCommission":{"$numberDecimal":"47.5000"},"BookingId":{"$numberInt":"1240"},"RegionId":"NA","ClassId":"BSN","FeeId":"BK","ProductSupplierId":{"$numberInt":"44"}}
{"_id":{"$numberInt":"1248"},"BookingDetailId":{"$numberInt":"1248"},"ItineraryNo":{"$numberInt":"421"},"TripStart":{"$date":{"$numberLong":"969840000000"}},"TripEnd":{"$date":{"$numberLong":"970272000000"}},"Description":"Calgary/Montreal/Calgary","Destination":"Montreal","BasePrice":{"$numberDecimal":"950.0000"},"AgencyCommission":{"$numberDecimal":"47.5000"},"BookingId":{"$numberInt":"1248"},"RegionId":"NA","ClassId":"BSN","FeeId":"BK","ProductSupplierId":{"$numberInt":"44"}}
{"_id":{"$numberInt":"1251"},"BookingDetailId":{"$numberInt":"1251"},"ItineraryNo":{"$numberInt":"177"},"TripStart":{"$date":{"$numberLong":"969667200000"}},"TripEnd":{"$date":{"$numberLong":"970099200000"}},"Description":"Calgary/London/Calgary","Destination":"London, England","BasePrice":{"$numberDecimal":"900.0000"},"AgencyCommission":{"$numberDecimal":"45.0000"},"BookingId":{"$numberInt":"1251"},"RegionId":"EU","ClassId":"BSN","FeeId":"BK","ProductSupplierId":{"$numberInt":"44"}}
{"_id":{"$numberInt":"1254"},"BookingDetailId":{"$numberInt":"1254"},"ItineraryNo":{"$numberInt":"420"},"TripStart":{"$date":{"$numberLong":"969667200000"}},"TripEnd":{"$date":{"$numberLong":"970099200000"}},"Description":" ","Destination":"London, England","BasePrice":{"$numberDecimal":"1500.0000"},"AgencyCommission":{"$numberDecimal":"48.7500"},"BookingId":{"$numberInt":"1254"},"RegionId":"EU","ClassId":"DLX","FeeId":"BK","ProductSupplierId":{"$numberInt":"82"}}
{"_id":{"$numberInt":"1270"},"BookingDetailId":{"$numberInt":"1270"},"ItineraryNo":{"$numberInt":"239"},"TripStart":{"$date":{"$numberLong":"975628800000"}},"TripEnd":{"$date":{"$numberLong":"976406400000"}},"Description":"Calgary/Cape Town/Calgary","Destination":"Cape Town, South Africa","BasePrice":{"$numberDecimal":"2700.0000"},"AgencyCommission":{"$numberDecimal":"135.0000"},"BookingId":{"$numberInt":"1270"},"RegionId":"AFR","ClassId":"BSN","FeeId":"BK","ProductSupplierId":{"$numberInt":"44"}}
{"_id":{"$numberInt":"1293"},"BookingDetailId":{"$numberInt":"1293"},"ItineraryNo":{"$numberInt":"596"},"TripStart":{"$date":{"$numberLong":"975628800000"}},"TripEnd":{"$date":{"$numberLong":"976406400000"}},"Description":" ","Destination":"Cape Town, South Africa","BasePrice":{"$numberDecimal":"2500.0000"},"AgencyCommission":{"$numberDecimal":"81.2500"},"BookingId":{"$numberInt":"1293"},"RegionId":"AFR","ClassId":"DLX","FeeId":"BK","ProductSupplierId":{"$numberInt":"42"}}
{"_id":{"$numberInt":"1301"},"BookingDetailId":{"$numberInt":"1301"},"ItineraryNo":{"$numberInt":"534"},"TripStart":{"$date":{"$numberLong":"978652800000"}},"TripEnd":{"$date":{"$numberLong":"978998400000"}},"Description":"Calgary/Cape Town/Calgary","Destination":"Cape Town, South Africa","BasePrice":{"$numberDecimal":"2700.0000"},"AgencyCommission":{"$numberDecimal":"135.0000"},"BookingId":{"$numberInt":"1301"},"RegionId":"AFR","ClassId":"BSN","FeeId":"BK","ProductSupplierId":{"$numberInt":"44"}}
{"_id":{"$numberInt":"1302"},"BookingDetailId":{"$numberInt":"1302"},"ItineraryNo":{"$numberInt":"535"},"TripStart":{"$date":{"$numberLong":"978652800000"}},"TripEnd":{"$date":{"$numberLong":"978998400000"}},"Description":"Calgary/Winnipeg/Calgary","Destination":"Winnipeg","BasePrice":{"$numberDecimal":"450.0000"},"AgencyCommission":{"$numberDecimal":"22.5000"},"BookingId":{"$numberInt":"1302"},"RegionId":"NA","ClassId":"BSN","FeeId":"BK","ProductSupplierId":{"$numberInt":"44"}}
{"_id":{"$numberInt":"1303"},"BookingDetailId":{"$numberInt":"1303"},"ItineraryNo":{"$numberInt":"902"},"TripStart":{"$date":{"$numberLong":"978652800000"}},"TripEnd":{"$date":{"$numberLong":"978998400000"}},"Description":" ","Destination":"Cape Town, South Africa","BasePrice":{"$numberDecimal":"2500.0000"},"AgencyCommission":{"$numberDecimal":"81.2500"},"BookingId":{"$numberInt":"1303"},"RegionId":"AFR","ClassId":"DLX","FeeId":"BK","ProductSupplierId":{"$numberInt":"42"}}
