{"_id":{"$numberInt":"2"},"CreditCardId":{"$numberInt":"2"},"CCName":"AMEX","CCNumber":"12342324248393","CCExpiry":{"$date":{"$numberLong":"1049328000000"}},"CustomerId":{"$numberInt":"123"}}
{"_id":{"$numberInt":"26"},"CreditCardId":{"$numberInt":"26"},"CCName":"AMEX","CCNumber":"33454212345651","CCExpiry":{"$date":{"$numberLong":"1064793600000"}},"CustomerId":{"$numberInt":"127"}}
{"_id":{"$numberInt":"28"},"CreditCardId":{"$numberInt":"28"},"CCName":"AMEX","CCNumber":"3422343212433430","CCExpiry":{"$date":{"$numberLong":"1058572800000"}},"CustomerId":{"$numberInt":"107"}}
{"_id":{"$numberInt":"30"},"CreditCardId":{"$numberInt":"30"},"CCName":"AMEX","CCNumber":"34458998784345","CCExpiry":{"$date":{"$numberLong":"1029974400000"}},"CustomerId":{"$numberInt":"140"}}
{"_id":{"$numberInt":"31"},"CreditCardId":{"$numberInt":"31"},"CCName":"AMEX","CCNumber":"345433789979389","CCExpiry":{"$date":{"$numberLong":"941760000000"}},"CustomerId":{"$numberInt":"130"}}
{"_id":{"$numberInt":"41"},"CreditCardId":{"$numberInt":"41"},"CCName":"AMEX","CCNumber":"3522354387984530","CCExpiry":{"$date":{"$numberLong":"1023580800000"}},"CustomerId":{"$numberInt":"106"}}
{"_id":{"$numberInt":"63"},"CreditCardId":{"$numberInt":"63"},"CCName":"AMEX","CCNumber":"632456487984533","CCExpiry":{"$date":{"$numberLong":"1041465600000"}},"CustomerId":{"$numberInt":"142"}}
{"_id":{"$numberInt":"69"},"CreditCardId":{"$numberInt":"69"},"CCName":"AMEX","CCNumber":"78789007977999","CCExpiry":{"$date":{"$numberLong":"1029974400000"}},"CustomerId":{"$numberInt":"104"}}
{"_id":{"$numberInt":"91"},"CreditCardId":{"$numberInt":"91"},"CCName":"AMEX","CCNumber":"904883289756439","CCExpiry":{"$date":{"$numberLong":"1011398400000"}},"CustomerId":{"$numberInt":"133"}}
{"_id":{"$numberInt":"99"},"CreditCardId":{"$numberInt":"99"},"CCName":"Diners","CCNumber":"12093458976902","CCExpiry":{"$date":{"$numberLong":"1036195200000"}},"CustomerId":{"$numberInt":"143"}}
{"_id":{"$numberInt":"123"},"CreditCardId":{"$numberInt":"123"},"CCName":"Diners","CCNumber":"24348343482482","CCExpiry":{"$date":{"$numberLong":"1069718400000"}},"CustomerId":{"$numberInt":"109"}}
{"_id":{"$numberInt":"141"},"CreditCardId":{"$numberInt":"141"},"CCName":"Diners","CCNumber":"3749234924723790","CCExpiry":{"$date":{"$numberLong":"1051747200000"}},"CustomerId":{"$numberInt":"128"}}
{"_id":{"$numberInt":"163"},"CreditCardId":{"$numberInt":"163"},"CCName":"Diners","CCNumber":"6788922940392940","CCExpiry":{"$date":{"$numberLong":"1034380800000"}},"CustomerId":{"$numberInt":"139"}}
{"_id":{"$numberInt":"167"},"CreditCardId":{"$numberInt":"167"},"CCName":"Diners","CCNumber":"699834387984533","CCExpiry":{"$date":{"$numberLong":"1041638400000"}},"CustomerId":{"$numberInt":"118"}}
{"_id":{"$numberInt":"169"},"CreditCardId":{"$numberInt":"169"},"CCName":"Diners","CCNumber":"7482794729742320","CCExpiry":{"$date":{"$numberLong":"1018569600000"}},"CustomerId":{"$numberInt":"117"}}
{"_id":{"$numberInt":"185"},"CreditCardId":{"$numberInt":"185"},"CCName":"Diners","CCNumber":"8901128935238970","CCExpiry":{"$date":{"$numberLong":"940377600000"}},"CustomerId":{"$numberInt":"141"}}
{"_id":{"$numberInt":"201"},"CreditCardId":{"$numberInt":"201"},"CCName":"MC","CCNumber":"3424345432894320","CCExpiry":{"$date":{"$numberLong":"1011657600000"}},"CustomerId":{"$numberInt":"120"}}
{"_id":{"$numberInt":"230"},"CreditCardId":{"$numberInt":"230"},"CCName":"VISA","CCNumber":"12122387984533","CCExpiry":{"$date":{"$numberLong":"1071273600000"}},"CustomerId":{"$numberInt":"121"}}
{"_id":{"$numberInt":"239"},"CreditCardId":{"$numberInt":"239"},"CCName":"VISA","CCNumber":"2311240543980120","CCExpiry":{"$date":{"$numberLong":"1036281600000"}},"CustomerId":{"$numberInt":"114"}}
{"_id":{"$numberInt":"243"},"CreditCardId":{"$numberInt":"243"},"CCName":"VISA","CCNumber":"23958389028923","CCExpiry":{"$date":{"$numberLong":"1029974400000"}},"CustomerId":{"$numberInt":"119"}}
{"_id":{"$numberInt":"252"},"CreditCardId":{"$numberInt":"252"},"CCName":"VISA","CCNumber":"3456683343353430","CCExpiry":{"$date":{"$numberLong":"1035849600000"}},"CustomerId":{"$numberInt":"135"}}
{"_id":{"$numberInt":"272"},"CreditCardId":{"$numberInt":"272"},"CCName":"VISA","CCNumber":"6543254233444530","CCExpiry":{"$date":{"$numberLong":"1011657600000"}},"CustomerId":{"$numberInt":"122"}}
{"_id":{"$numberInt":"279"},"CreditCardId":{"$numberInt":"279"},"CCName":"VISA","CCNumber":"78789007977999","CCExpiry":{"$date":{"$numberLong":"1029974400000"}},"CustomerId":{"$numberInt":"105"}}
