{"_id":{"CustomerId":{"$numberInt":"104"},"RewardId":{"$numberInt":"1"}},"CustomerId":{"$numberInt":"104"},"RewardId":{"$numberInt":"1"},"RwdNumber":"123456 4322"}
{"_id":{"CustomerId":{"$numberInt":"104"},"RewardId":{"$numberInt":"2"}},"CustomerId":{"$numberInt":"104"},"RewardId":{"$numberInt":"2"},"RwdNumber":"5435 678 CF"}
{"_id":{"CustomerId":{"$numberInt":"105"},"RewardId":{"$numberInt":"2"}},"CustomerId":{"$numberInt":"105"},"RewardId":{"$numberInt":"2"},"RwdNumber":"1435 678 CA"}
{"_id":{"CustomerId":{"$numberInt":"106"},"RewardId":{"$numberInt":"1"}},"CustomerId":{"$numberInt":"106"},"RewardId":{"$numberInt":"1"},"RwdNumber":"123456 4322"}
{"_id":{"CustomerId":{"$numberInt":"106"},"RewardId":{"$numberInt":"4"}},"CustomerId":{"$numberInt":"106"},"RewardId":{"$numberInt":"4"},"RwdNumber":"4643 23 5435"}
{"_id":{"CustomerId":{"$numberInt":"107"},"RewardId":{"$numberInt":"2"}},"CustomerId":{"$numberInt":"107"},"RewardId":{"$numberInt":"2"},"RwdNumber":"5735 638 CF"}
{"_id":{"CustomerId":{"$numberInt":"107"},"RewardId":{"$numberInt":"5"}},"CustomerId":{"$numberInt":"107"},"RewardId":{"$numberInt":"5"},"RwdNumber":"2354 4583 63A"}
{"_id":{"CustomerId":{"$numberInt":"108"},"RewardId":{"$numberInt":"1"}},"CustomerId":{"$numberInt":"108"},"RewardId":{"$numberInt":"1"},"RwdNumber":"129456 4322"}
{"_id":{"CustomerId":{"$numberInt":"109"},"RewardId":{"$numberInt":"4"}},"CustomerId":{"$numberInt":"109"},"RewardId":{"$numberInt":"4"},"RwdNumber":"4343 23 5435"}
{"_id":{"CustomerId":{"$numberInt":"109"},"RewardId":{"$numberInt":"5"}},"CustomerId":{"$numberInt":"109"},"RewardId":{"$numberInt":"5"},"RwdNumber":"2784 4553 63F"}
{"_id":{"CustomerId":{"$numberInt":"114"},"RewardId":{"$numberInt":"2"}},"CustomerId":{"$numberInt":"114"},"RewardId":{"$numberInt":"2"},"RwdNumber":"5875 678 CG"}
{"_id":{"CustomerId":{"$numberInt":"117"},"RewardId":{"$numberInt":"1"}},"CustomerId":{"$numberInt":"117"},"RewardId":{"$numberInt":"1"},"RwdNumber":"123456 4322"}
{"_id":{"CustomerId":{"$numberInt":"118"},"RewardId":{"$numberInt":"3"}},"CustomerId":{"$numberInt":"118"},"RewardId":{"$numberInt":"3"},"RwdNumber":"FG2343 785"}
{"_id":{"CustomerId":{"$numberInt":"123"},"RewardId":{"$numberInt":"2"}},"CustomerId":{"$numberInt":"123"},"RewardId":{"$numberInt":"2"},"RwdNumber":"5435 678 CF"}
{"_id":{"CustomerId":{"$numberInt":"127"},"RewardId":{"$numberInt":"1"}},"CustomerId":{"$numberInt":"127"},"RewardId":{"$numberInt":"1"},"RwdNumber":"113526 4322"}
{"_id":{"CustomerId":{"$numberInt":"138"},"RewardId":{"$numberInt":"1"}},"CustomerId":{"$numberInt":"138"},"RewardId":{"$numberInt":"1"},"RwdNumber":"124256 4322"}
{"_id":{"CustomerId":{"$numberInt":"140"},"RewardId":{"$numberInt":"4"}},"CustomerId":{"$numberInt":"140"},"RewardId":{"$numberInt":"4"},"RwdNumber":"4343 23 5435"}
{"_id":{"CustomerId":{"$numberInt":"142"},"RewardId":{"$numberInt":"1"}},"CustomerId":{"$numberInt":"142"},"RewardId":{"$numberInt":"1"},"RwdNumber":"123456 4322"}
{"_id":{"CustomerId":{"$numberInt":"142"},"RewardId":{"$numberInt":"3"}},"CustomerId":{"$numberInt":"142"},"RewardId":{"$numberInt":"3"},"RwdNumber":"FG2343 785"}
{"_id":{"CustomerId":{"$numberInt":"142"},"RewardId":{"$numberInt":"5"}},"CustomerId":{"$numberInt":"142"},"RewardId":{"$numberInt":"5"},"RwdNumber":"2254 4553 63Z"}
