{"_id":{"$numberInt":"104"},"CustomerId":{"$numberInt":"104"},"CustFirstName":"Laetia A","CustLastName":"Enison","CustAddress":"144-61 87th Ave, NE","CustCity":"Calgary","CustProv":"AB","CustPostal":"T2J 6B6","CustCountry":"Canada","CustHomePhone":"4032791223","CustBusPhone":"4032557865","CustEmail":"                                                  ","AgentId":{"$numberInt":"4"}}
{"_id":{"$numberInt":"105"},"CustomerId":{"$numberInt":"105"},"CustFirstName":"Angel S.","CustLastName":"Moskowitz","CustAddress":"320 John St., NE","CustCity":"Calgary","CustProv":"AB","CustPostal":"T2J 7E3","CustCountry":"Canada","CustHomePhone":"4032794228","CustBusPhone":"4036409874","CustEmail":"amoskowitz@home.com                               ","AgentId":{"$numberInt":"3"}}
{"_id":{"$numberInt":"106"},"CustomerId":{"$numberInt":"106"},"CustFirstName":"Judith","CustLastName":"Olvsade","CustAddress":"29 Elmwood Ave.,","CustCity":"Calgary","CustProv":"AB","CustPostal":"T2Z 3M9","CustCountry":"Canada","CustHomePhone":"4032795652","CustBusPhone":"4036861598","CustEmail":"jolvsade@aol.com                                  ","AgentId":{"$numberInt":"1"}}
{"_id":{"$numberInt":"107"},"CustomerId":{"$numberInt":"107"},"CustFirstName":"Catherine G1","CustLastName":"Mierzwa","CustAddress":"22-70 41st St.,NW","CustCity":"Calgary","CustProv":"AB","CustPostal":"T2Z 2Z9","CustCountry":"Canada","CustHomePhone":"4032796878","CustBusPhone":"4036404563","CustEmail":"cmierzwa@msn.com                                  ","AgentId":{"$numberInt":"5"}}
{"_id":{"$numberInt":"108"},"CustomerId":{"$numberInt":"108"},"CustFirstName":"Judy","CustLastName":"Sethi","CustAddress":"63 Stratton Hall, SW","CustCity":"Calgary","CustProv":"AB","CustPostal":"T1Y 6N4","CustCountry":"Canada","CustHomePhone":"4032795111","CustBusPhone":"4036204789","CustEmail":"judysehti@home.com                                ","AgentId":{"$numberInt":"7"}}
{"_id":{"$numberInt":"109"},"CustomerId":{"$numberInt":"109"},"CustFirstName":"Larry","CustLastName":"Walter","CustAddress":"38 Bay 26th ST. #2A, NE","CustCity":"Calgary","CustProv":"AB","CustPostal":"T2J 6B6","CustCountry":"Canada","CustHomePhone":"4032793254","CustBusPhone":"4032845588","CustEmail":"lwalter@aol.com                                   ","AgentId":{"$numberInt":"4"}}
{"_id":{"$numberInt":"114"},"CustomerId":{"$numberInt":"114"},"CustFirstName":"Winsome","CustLastName":"Laporte","CustAddress":"268 E.3rd St, SW","CustCity":"Calgary","CustProv":"AB","CustPostal":"T1Y 6N4","CustCountry":"Canada","CustHomePhone":"4032691125","CustBusPhone":"4032844565","CustEmail":"                                                  ","AgentId":{"$numberInt":"8"}}
{"_id":{"$numberInt":"117"},"CustomerId":{"$numberInt":"117"},"CustFirstName":"Nancy","CustLastName":"Kuehn","CustAddress":"44-255 9th St., SW","CustCity":"Calgary","CustProv":"AB","CustPostal":"T1Y 6N5","CustCountry":"Canada","CustHomePhone":"4032693965","CustBusPhone":"4032843211","CustEmail":"                                                  ","AgentId":{"$numberInt":"6"}}
{"_id":{"$numberInt":"118"},"CustomerId":{"$numberInt":"118"},"CustFirstName":"Hiedi","CustLastName":"Lopez","CustAddress":"168 Rowayton Ave, NW","CustCity":"Calgary","CustProv":"AB","CustPostal":"T3A 4ZG","CustCountry":"Canada","CustHomePhone":"4032699856","CustBusPhone":"4035901587","CustEmail":"hlopez@aol.com                                    ","AgentId":{"$numberInt":"5"}}
{"_id":{"$numberInt":"119"},"CustomerId":{"$numberInt":"119"},"CustFirstName":"Mardig","CustLastName":"Abdou","CustAddress":"160-04 32nd Ave., SW","CustCity":"Calgary","CustProv":"AB","CustPostal":"T2P 2G7","CustCountry":"Canada","CustHomePhone":"4032691429","CustBusPhone":"4032251952","CustEmail":"                                                  ","AgentId":{"$numberInt":"9"}}
{"_id":{"$numberInt":"120"},"CustomerId":{"$numberInt":"120"},"CustFirstName":"Ralph","CustLastName":"Alexander","CustAddress":"2054 73rd St, SW","CustCity":"Calgary","CustProv":"AB","CustPostal":"T2P 2G7","CustCountry":"Canada","CustHomePhone":"4032691634","CustBusPhone":"4032256547","CustEmail":"                                                  ","AgentId":{"$numberInt":"1"}}
{"_id":{"$numberInt":"121"},"CustomerId":{"$numberInt":"121"},"CustFirstName":"Sean","CustLastName":"Pineda","CustAddress":"3 Salem Rd., NW","CustCity":"Calgary","CustProv":"AB","CustPostal":"T2K 3E3","CustCountry":"Canada","CustHomePhone":"4032691954","CustBusPhone":"4036864444","CustEmail":"spineda@hotmail.com                               ","AgentId":{"$numberInt":"3"}}
{"_id":{"$numberInt":"122"},"CustomerId":{"$numberInt":"122"},"CustFirstName":"Julita","CustLastName":"Lippen","CustAddress":"51-76 VanKleeck St., NW","CustCity":"Calgary","CustProv":"AB","CustPostal":"T2K 6C5","CustCountry":"Canada","CustHomePhone":"4032551956","CustBusPhone":"4035901478","CustEmail":"jlippen@cadvision.co                              ","AgentId":{"$numberInt":"4"}}
{"_id":{"$numberInt":"123"},"CustomerId":{"$numberInt":"123"},"CustFirstName":"Pierre","CustLastName":"Radicola","CustAddress":"322 Atkins Ave., SE","CustCity":"Calgary","CustProv":"AB","CustPostal":"T3G 2C6","CustCountry":"Canada","CustHomePhone":"4032551677","CustBusPhone":"4036867536","CustEmail":"pradicola@home.com                                ","AgentId":{"$numberInt":"8"}}
{"_id":{"$numberInt":"127"},"CustomerId":{"$numberInt":"127"},"CustFirstName":"Gary","CustLastName":"Aung","CustAddress":"135-32 Louis Blvd, NE","CustCity":"Calgary","CustProv":"AB","CustPostal":"T2V 2K5","CustCountry":"Canada","CustHomePhone":"4032807858","CustBusPhone":"4037501587","CustEmail":"                                                  ","AgentId":{"$numberInt":"9"}}
{"_id":{"$numberInt":"128"},"CustomerId":{"$numberInt":"128"},"CustFirstName":"Jeff","CustLastName":"Runyan","CustAddress":"109-15 Queens Blvd., NE","CustCity":"Calgary","CustProv":"AB","CustPostal":"T2V 2K6","CustCountry":"Canada","CustHomePhone":"4032809635","CustBusPhone":"4036201122","CustEmail":"jrunyan@aol.com                                   ","AgentId":{"$numberInt":"5"}}
{"_id":{"$numberInt":"130"},"CustomerId":{"$numberInt":"130"},"CustFirstName":"Lula","CustLastName":"Oates","CustAddress":"11A Emory St., NE","CustCity":"Calgary","CustProv":"AB","CustPostal":"T3E 3Z4","CustCountry":"Canada","CustHomePhone":"4032439653","CustBusPhone":"4036861587","CustEmail":"loates@aol.com                                    ","AgentId":{"$numberInt":"9"}}
{"_id":{"$numberInt":"133"},"CustomerId":{"$numberInt":"133"},"CustFirstName":"James","CustLastName":"Reed","CustAddress":"109-621 96th St, NE","CustCity":"Calgary","CustProv":"AB","CustPostal":"T3E 4A1","CustCountry":"Canada","CustHomePhone":"4032432358","CustBusPhone":"4037201155","CustEmail":"jreed@aol.com                                     ","AgentId":{"$numberInt":"2"}}
{"_id":{"$numberInt":"135"},"CustomerId":{"$numberInt":"135"},"CustFirstName":"Michelle","CustLastName":"Masser","CustAddress":"379 Ovington Ave, NE","CustCity":"Calgary","CustProv":"AB","CustPostal":"T2J 2S9","CustCountry":"Canada","CustHomePhone":"4032441586","CustBusPhone":"4035908522","CustEmail":"mmasser@aol.com                                   ","AgentId":{"$numberInt":"6"}}
{"_id":{"$numberInt":"138"},"CustomerId":{"$numberInt":"138"},"CustFirstName":"John","CustLastName":"Smith","CustAddress":"45 Plaza St. West #2D, NE","CustCity":"Calgary","CustProv":"AB","CustPostal":"T3E 5C7","CustCountry":"Canada","CustHomePhone":"4032449653","CustBusPhone":"4032837896","CustEmail":"johnSmith@hotmail.co                              ","AgentId":{"$numberInt":"7"}}
{"_id":{"$numberInt":"139"},"CustomerId":{"$numberInt":"139"},"CustFirstName":"Angelo","CustLastName":"Garshman","CustAddress":"82 Western Ave., NE","CustCity":"Calgary","CustProv":"AB","CustPostal":"T3E 5C8","CustCountry":"Canada","CustHomePhone":"4032259966","CustBusPhone":"4032696541","CustEmail":"                                                  ","AgentId":{"$numberInt":"3"}}
{"_id":{"$numberInt":"140"},"CustomerId":{"$numberInt":"140"},"CustFirstName":"Derrick","CustLastName":"Baltazar","CustAddress":"9111 Church Ave. #3N, NE","CustCity":"Calgary","CustProv":"AB","CustPostal":"T3E 5C9","CustCountry":"Canada","CustHomePhone":"4032255231","CustBusPhone":"4037502547","CustEmail":"                                                  ","AgentId":{"$numberInt":"6"}}
{"_id":{"$numberInt":"141"},"CustomerId":{"$numberInt":"141"},"CustFirstName":"Robert","CustLastName":"Boyd","CustAddress":"96-04 57th Ave #12A, NE","CustCity":"Calgary","CustProv":"AB","CustPostal":"T3E 5C5","CustCountry":"Canada","CustHomePhone":"4032255647","CustBusPhone":"4037509512","CustEmail":"                                                  ","AgentId":{"$numberInt":"3"}}
{"_id":{"$numberInt":"142"},"CustomerId":{"$numberInt":"142"},"CustFirstName":"Monica","CustLastName":"Waldman","CustAddress":"257 Depot Rd., NE","CustCity":"Calgary","CustProv":"AB","CustPostal":"T2J 6P3","CustCountry":"Canada","CustHomePhone":"4032255629","CustBusPhone":"4032844566","CustEmail":"mwaldman@aol.com                                  ","AgentId":{"$numberInt":"2"}}
{"_id":{"$numberInt":"143"},"CustomerId":{"$numberInt":"143"},"CustFirstName":"Gerard","CustLastName":"Biers","CustAddress":"205 19th St., NE","CustCity":"Calgary","CustProv":"AB","CustPostal":"T2J 6B6","CustCountry":"Canada","CustHomePhone":"4032251952","CustBusPhone":"4037506578","CustEmail":"                                                  ","AgentId":{"$numberInt":"8"}}
