{"_id":{"$numberInt":"1"},"PackageId":{"$numberInt":"1"},"PkgName":"Caribbean New Year","PkgStartDate":{"$date":{"$numberLong":"1135468800000"}},"PkgEndDate":{"$date":{"$numberLong":"1136332800000"}},"PkgDesc":"Cruise the Caribbean & Celebrate the New Year.","PkgBasePrice":{"$numberDecimal":"4800.0000"},"PkgAgencyCommission":{"$numberDecimal":"400.0000"}}
{"_id":{"$numberInt":"2"},"PackageId":{"$numberInt":"2"},"PkgName":"Polynesian Paradise","PkgStartDate":{"$date":{"$numberLong":"1134345600000"}},"PkgEndDate":{"$date":{"$numberLong":"1135036800000"}},"PkgDesc":"8 Day All Inclusive Hawaiian Vacation","PkgBasePrice":{"$numberDecimal":"3000.0000"},"PkgAgencyCommission":{"$numberDecimal":"310.0000"}}
{"_id":{"$numberInt":"3"},"PackageId":{"$numberInt":"3"},"PkgName":"Asian Expedition","PkgStartDate":{"$date":{"$numberLong":"1147564800000"}},"PkgEndDate":{"$date":{"$numberLong":"1148774400000"}},"PkgDesc":"Airfaire, Hotel and Eco Tour.","PkgBasePrice":{"$numberDecimal":"2800.0000"},"PkgAgencyCommission":{"$numberDecimal":"300.0000"}}
{"_id":{"$numberInt":"4"},"PackageId":{"$numberInt":"4"},"PkgName":"European Vacation","PkgStartDate":{"$date":{"$numberLong":"1130803200000"}},"PkgEndDate":{"$date":{"$numberLong":"1131926400000"}},"PkgDesc":"Euro Tour with Rail Pass and Travel Insurance","PkgBasePrice":{"$numberDecimal":"3000.0000"},"PkgAgencyCommission":{"$numberDecimal":"280.0000"}}
