{"_id":{"$numberInt":"1"},"ProductSupplierId":{"$numberInt":"1"},"ProductId":{"$numberInt":"1"},"SupplierId":{"$numberInt":"5492"}}
{"_id":{"$numberInt":"2"},"ProductSupplierId":{"$numberInt":"2"},"ProductId":{"$numberInt":"1"},"SupplierId":{"$numberInt":"6505"}}
{"_id":{"$numberInt":"3"},"ProductSupplierId":{"$numberInt":"3"},"ProductId":{"$numberInt":"8"},"SupplierId":{"$numberInt":"796"}}
{"_id":{"$numberInt":"4"},"ProductSupplierId":{"$numberInt":"4"},"ProductId":{"$numberInt":"1"},"SupplierId":{"$numberInt":"4196"}}
{"_id":{"$numberInt":"6"},"ProductSupplierId":{"$numberInt":"6"},"ProductId":{"$numberInt":"8"},"SupplierId":{"$numberInt":"1040"}}
{"_id":{"$numberInt":"7"},"ProductSupplierId":{"$numberInt":"7"},"ProductId":{"$numberInt":"1"},"SupplierId":{"$numberInt":"3576"}}
{"_id":{"$numberInt":"8"},"ProductSupplierId":{"$numberInt":"8"},"ProductId":{"$numberInt":"3"},"SupplierId":{"$numberInt":"845"}}
{"_id":{"$numberInt":"9"},"ProductSupplierId":{"$numberInt":"9"},"ProductId":{"$numberInt":"7"},"SupplierId":{"$numberInt":"828"}}
{"_id":{"$numberInt":"10"},"ProductSupplierId":{"$numberInt":"10"},"ProductId":{"$numberInt":"8"},"SupplierId":{"$numberInt":"5777"}}
{"_id":{"$numberInt":"11"},"ProductSupplierId":{"$numberInt":"11"},"ProductId":{"$numberInt":"8"},"SupplierId":{"$numberInt":"5827"}}
{"_id":{"$numberInt":"12"},"ProductSupplierId":{"$numberInt":"12"},"ProductId":{"$numberInt":"5"},"SupplierId":{"$numberInt":"3273"}}
{"_id":{"$numberInt":"13"},"ProductSupplierId":{"$numberInt":"13"},"ProductId":{"$numberInt":"1"},"SupplierId":{"$numberInt":"80"}}
{"_id":{"$numberInt":"14"},"ProductSupplierId":{"$numberInt":"14"},"ProductId":{"$numberInt":"8"},"SupplierId":{"$numberInt":"9396"}}
{"_id":{"$numberInt":"15"},"ProductSupplierId":{"$numberInt":"15"},"ProductId":{"$numberInt":"8"},"SupplierId":{"$numberInt":"3589"}}
{"_id":{"$numberInt":"16"},"ProductSupplierId":{"$numberInt":"16"},"ProductId":{"$numberInt":"1"},"SupplierId":{"$numberInt":"69"}}
{"_id":{"$numberInt":"19"},"ProductSupplierId":{"$numberInt":"19"},"ProductId":{"$numberInt":"1"},"SupplierId":{"$numberInt":"3376"}}
{"_id":{"$numberInt":"20"},"ProductSupplierId":{"$numberInt":"20"},"ProductId":{"$numberInt":"3"},"SupplierId":{"$numberInt":"323"}}
{"_id":{"$numberInt":"23"},"ProductSupplierId":{"$numberInt":"23"},"ProductId":{"$numberInt":"1"},"SupplierId":{"$numberInt":"3549"}}
{"_id":{"$numberInt":"24"},"ProductSupplierId":{"$numberInt":"24"},"ProductId":{"$numberInt":"5"},"SupplierId":{"$numberInt":"1918"}}
{"_id":{"$numberInt":"25"},"ProductSupplierId":{"$numberInt":"25"},"ProductId":{"$numberInt":"3"},"SupplierId":{"$numberInt":"11156"}}
{"_id":{"$numberInt":"26"},"ProductSupplierId":{"$numberInt":"26"},"ProductId":{"$numberInt":"8"},"SupplierId":{"$numberInt":"8837"}}
{"_id":{"$numberInt":"28"},"ProductSupplierId":{"$numberInt":"28"},"ProductId":{"$numberInt":"8"},"SupplierId":{"$numberInt":"8089"}}
{"_id":{"$numberInt":"29"},"ProductSupplierId":{"$numberInt":"29"},"ProductId":{"$numberInt":"1"},"SupplierId":{"$numberInt":"1028"}}
{"_id":{"$numberInt":"30"},"ProductSupplierId":{"$numberInt":"30"},"ProductId":{"$numberInt":"1"},"SupplierId":{"$numberInt":"2466"}}
{"_id":{"$numberInt":"31"},"ProductSupplierId":{"$numberInt":"31"},"ProductId":{"$numberInt":"5"},"SupplierId":{"$numberInt":"1406"}}
{"_id":{"$numberInt":"32"},"ProductSupplierId":{"$numberInt":"32"},"ProductId":{"$numberInt":"3"},"SupplierId":{"$numberInt":"1416"}}
{"_id":{"$numberInt":"33"},"ProductSupplierId":{"$numberInt":"33"},"ProductId":{"$numberInt":"5"},"SupplierId":{"$numberInt":"13596"}}
{"_id":{"$numberInt":"34"},"ProductSupplierId":{"$numberInt":"34"},"ProductId":{"$numberInt":"1"},"SupplierId":{"$numberInt":"9323"}}
{"_id":{"$numberInt":"35"},"ProductSupplierId":{"$numberInt":"35"},"ProductId":{"$numberInt":"5"},"SupplierId":{"$numberInt":"11237"}}
{"_id":{"$numberInt":"36"},"ProductSupplierId":{"$numberInt":"36"},"ProductId":{"$numberInt":"8"},"SupplierId":{"$numberInt":"9785"}}
{"_id":{"$numberInt":"37"},"ProductSupplierId":{"$numberInt":"37"},"ProductId":{"$numberInt":"5"},"SupplierId":{"$numberInt":"11163"}}
{"_id":{"$numberInt":"39"},"ProductSupplierId":{"$numberInt":"39"},"ProductId":{"$numberInt":"9"},"SupplierId":{"$numberInt":"11172"}}
{"_id":{"$numberInt":"40"},"ProductSupplierId":{"$numberInt":"40"},"ProductId":{"$numberInt":"8"},"SupplierId":{"$numberInt":"9285"}}
{"_id":{"$numberInt":"41"},"ProductSupplierId":{"$numberInt":"41"},"ProductId":{"$numberInt":"5"},"SupplierId":{"$numberInt":"3622"}}
{"_id":{"$numberInt":"42"},"ProductSupplierId":{"$numberInt":"42"},"ProductId":{"$numberInt":"5"},"SupplierId":{"$numberInt":"9323"}}
{"_id":{"$numberInt":"43"},"ProductSupplierId":{"$numberInt":"43"},"ProductId":{"$numberInt":"1"},"SupplierId":{"$numberInt":"1766"}}
{"_id":{"$numberInt":"44"},"ProductSupplierId":{"$numberInt":"44"},"ProductId":{"$numberInt":"1"},"SupplierId":{"$numberInt":"3212"}}
{"_id":{"$numberInt":"45"},"ProductSupplierId":{"$numberInt":"45"},"ProductId":{"$numberInt":"9"},"SupplierId":{"$numberInt":"11174"}}
{"_id":{"$numberInt":"46"},"ProductSupplierId":{"$numberInt":"46"},"ProductId":{"$numberInt":"8"},"SupplierId":{"$numberInt":"3600"}}
{"_id":{"$numberInt":"47"},"ProductSupplierId":{"$numberInt":"47"},"ProductId":{"$numberInt":"9"},"SupplierId":{"$numberInt":"11160"}}
{"_id":{"$numberInt":"48"},"ProductSupplierId":{"$numberInt":"48"},"ProductId":{"$numberInt":"8"},"SupplierId":{"$numberInt":"11549"}}
{"_id":{"$numberInt":"49"},"ProductSupplierId":{"$numberInt":"49"},"ProductId":{"$numberInt":"4"},"SupplierId":{"$numberInt":"2827"}}
{"_id":{"$numberInt":"50"},"ProductSupplierId":{"$numberInt":"50"},"ProductId":{"$numberInt":"9"},"SupplierId":{"$numberInt":"12657"}}
{"_id":{"$numberInt":"51"},"ProductSupplierId":{"$numberInt":"51"},"ProductId":{"$numberInt":"8"},"SupplierId":{"$numberInt":"7377"}}
{"_id":{"$numberInt":"52"},"ProductSupplierId":{"$numberInt":"52"},"ProductId":{"$numberInt":"5"},"SupplierId":{"$numberInt":"6550"}}
{"_id":{"$numberInt":"53"},"ProductSupplierId":{"$numberInt":"53"},"ProductId":{"$numberInt":"4"},"SupplierId":{"$numberInt":"1634"}}
{"_id":{"$numberInt":"54"},"ProductSupplierId":{"$numberInt":"54"},"ProductId":{"$numberInt":"8"},"SupplierId":{"$numberInt":"2140"}}
{"_id":{"$numberInt":"55"},"ProductSupplierId":{"$numberInt":"55"},"ProductId":{"$numberInt":"3"},"SupplierId":{"$numberInt":"317"}}
{"_id":{"$numberInt":"56"},"ProductSupplierId":{"$numberInt":"56"},"ProductId":{"$numberInt":"1"},"SupplierId":{"$numberInt":"1205"}}
{"_id":{"$numberInt":"57"},"ProductSupplierId":{"$numberInt":"57"},"ProductId":{"$numberInt":"8"},"SupplierId":{"$numberInt":"3633"}}
{"_id":{"$numberInt":"58"},"ProductSupplierId":{"$numberInt":"58"},"ProductId":{"$numberInt":"2"},"SupplierId":{"$numberInt":"6873"}}
{"_id":{"$numberInt":"59"},"ProductSupplierId":{"$numberInt":"59"},"ProductId":{"$numberInt":"1"},"SupplierId":{"$numberInt":"7377"}}
{"_id":{"$numberInt":"60"},"ProductSupplierId":{"$numberInt":"60"},"ProductId":{"$numberInt":"5"},"SupplierId":{"$numberInt":"7244"}}
{"_id":{"$numberInt":"61"},"ProductSupplierId":{"$numberInt":"61"},"ProductId":{"$numberInt":"3"},"SupplierId":{"$numberInt":"2938"}}
{"_id":{"$numberInt":"63"},"ProductSupplierId":{"$numberInt":"63"},"ProductId":{"$numberInt":"2"},"SupplierId":{"$numberInt":"5081"}}
{"_id":{"$numberInt":"64"},"ProductSupplierId":{"$numberInt":"64"},"ProductId":{"$numberInt":"1"},"SupplierId":{"$numberInt":"3119"}}
{"_id":{"$numberInt":"65"},"ProductSupplierId":{"$numberInt":"65"},"ProductId":{"$numberInt":"9"},"SupplierId":{"$numberInt":"2998"}}
{"_id":{"$numberInt":"66"},"ProductSupplierId":{"$numberInt":"66"},"ProductId":{"$numberInt":"8"},"SupplierId":{"$numberInt":"3576"}}
{"_id":{"$numberInt":"67"},"ProductSupplierId":{"$numberInt":"67"},"ProductId":{"$numberInt":"8"},"SupplierId":{"$numberInt":"2592"}}
{"_id":{"$numberInt":"68"},"ProductSupplierId":{"$numberInt":"68"},"ProductId":{"$numberInt":"4"},"SupplierId":{"$numberInt":"100"}}
{"_id":{"$numberInt":"69"},"ProductSupplierId":{"$numberInt":"69"},"ProductId":{"$numberInt":"9"},"SupplierId":{"$numberInt":"2987"}}
{"_id":{"$numberInt":"70"},"ProductSupplierId":{"$numberInt":"70"},"ProductId":{"$numberInt":"4"},"SupplierId":{"$numberInt":"1005"}}
{"_id":{"$numberInt":"71"},"ProductSupplierId":{"$numberInt":"71"},"ProductId":{"$numberInt":"4"},"SupplierId":{"$numberInt":"908"}}
{"_id":{"$numberInt":"72"},"ProductSupplierId":{"$numberInt":"72"},"ProductId":{"$numberInt":"1"},"SupplierId":{"$numberInt":"5796"}}
{"_id":{"$numberInt":"73"},"ProductSupplierId":{"$numberInt":"73"},"ProductId":{"$numberInt":"10"},"SupplierId":{"$numberInt":"2386"}}
{"_id":{"$numberInt":"74"},"ProductSupplierId":{"$numberInt":"74"},"ProductId":{"$numberInt":"1"},"SupplierId":{"$numberInt":"3650"}}
{"_id":{"$numberInt":"75"},"ProductSupplierId":{"$numberInt":"75"},"ProductId":{"$numberInt":"4"},"SupplierId":{"$numberInt":"1425"}}
{"_id":{"$numberInt":"76"},"ProductSupplierId":{"$numberInt":"76"},"ProductId":{"$numberInt":"8"},"SupplierId":{"$numberInt":"6346"}}
{"_id":{"$numberInt":"78"},"ProductSupplierId":{"$numberInt":"78"},"ProductId":{"$numberInt":"1"},"SupplierId":{"$numberInt":"1685"}}
{"_id":{"$numberInt":"79"},"ProductSupplierId":{"$numberInt":"79"},"ProductId":{"$numberInt":"2"},"SupplierId":{"$numberInt":"2588"}}
{"_id":{"$numberInt":"80"},"ProductSupplierId":{"$numberInt":"80"},"ProductId":{"$numberInt":"6"},"SupplierId":{"$numberInt":"1620"}}
{"_id":{"$numberInt":"81"},"ProductSupplierId":{"$numberInt":"81"},"ProductId":{"$numberInt":"4"},"SupplierId":{"$numberInt":"1542"}}
{"_id":{"$numberInt":"82"},"ProductSupplierId":{"$numberInt":"82"},"ProductId":{"$numberInt":"5"},"SupplierId":{"$numberInt":"9766"}}
{"_id":{"$numberInt":"83"},"ProductSupplierId":{"$numberInt":"83"},"ProductId":{"$numberInt":"5"},"SupplierId":{"$numberInt":"5228"}}
{"_id":{"$numberInt":"84"},"ProductSupplierId":{"$numberInt":"84"},"ProductId":{"$numberInt":"6"},"SupplierId":{"$numberInt":"9396"}}
{"_id":{"$numberInt":"87"},"ProductSupplierId":{"$numberInt":"87"},"ProductId":{"$numberInt":"1"},"SupplierId":{"$numberInt":"1859"}}
{"_id":{"$numberInt":"90"},"ProductSupplierId":{"$numberInt":"90"},"ProductId":{"$numberInt":"1"},"SupplierId":{"$numberInt":"1713"}}
{"_id":{"$numberInt":"93"},"ProductSupplierId":{"$numberInt":"93"},"ProductId":{"$numberInt":"4"},"SupplierId":{"$numberInt":"3650"}}
