{"_id":"AFR","RegionId":"AFR","RegionName":"Africa                   "}
{"_id":"ANZ","RegionId":"ANZ","RegionName":"Australia & New Zealand  "}
{"_id":"ASIA","RegionId":"ASIA","RegionName":"Asia                     "}
{"_id":"EU","RegionId":"EU","RegionName":"Europe & United Kingdom  "}
{"_id":"MEAST","RegionId":"MEAST","RegionName":"Middle East              "}
{"_id":"MED","RegionId":"MED","RegionName":"Mediterranean            "}
{"_id":"NA","RegionId":"NA","RegionName":"North America            "}
{"_id":"OTHR","RegionId":"OTHR","RegionName":"Other                    "}
{"_id":"SA","RegionId":"SA","RegionName":"South America            "}
{"_id":"SP","RegionId":"SP","RegionName":"South Pacific            "}
