{"_id":{"$numberInt":"69"},"SupplierId":{"$numberInt":"69"},"SupName":"NEW CONCEPTS - CANADA"}
{"_id":{"$numberInt":"80"},"SupplierId":{"$numberInt":"80"},"SupName":"CHAT / TRAVELINE"}
{"_id":{"$numberInt":"100"},"SupplierId":{"$numberInt":"100"},"SupName":"AVILA TOURS INC."}
{"_id":{"$numberInt":"317"},"SupplierId":{"$numberInt":"317"},"SupName":"BLYTH & COMPANY TRAVEL"}
{"_id":{"$numberInt":"323"},"SupplierId":{"$numberInt":"323"},"SupName":"COMPAGNIA ITALIANA TURISM"}
{"_id":{"$numberInt":"796"},"SupplierId":{"$numberInt":"796"},"SupName":"CYPRUS AIRWAYS LTD"}
{"_id":{"$numberInt":"828"},"SupplierId":{"$numberInt":"828"},"SupName":"DER TRAVEL SERVICE LTD"}
{"_id":{"$numberInt":"845"},"SupplierId":{"$numberInt":"845"},"SupName":"DISCOVER THE WORLD MARKET"}
{"_id":{"$numberInt":"908"},"SupplierId":{"$numberInt":"908"},"SupName":"ELITE ORIENT TOURS INC."}
{"_id":{"$numberInt":"1005"},"SupplierId":{"$numberInt":"1005"},"SupName":"ENCORE CRUISES"}
{"_id":{"$numberInt":"1028"},"SupplierId":{"$numberInt":"1028"},"SupName":"EUROP-AUTO-VACANCES/HOLIDAYS"}
{"_id":{"$numberInt":"1040"},"SupplierId":{"$numberInt":"1040"},"SupName":"EXECUTIVE SUITES"}
{"_id":{"$numberInt":"1205"},"SupplierId":{"$numberInt":"1205"},"SupName":"GOLDMAN MARKETING"}
{"_id":{"$numberInt":"1406"},"SupplierId":{"$numberInt":"1406"},"SupName":"EUROCRUISES INC."}
{"_id":{"$numberInt":"1416"},"SupplierId":{"$numberInt":"1416"},"SupName":"THE HOLIDAY NETWORK"}
{"_id":{"$numberInt":"1425"},"SupplierId":{"$numberInt":"1425"},"SupName":"HOLLAND AMERICA LINE WEST"}
{"_id":{"$numberInt":"1542"},"SupplierId":{"$numberInt":"1542"},"SupName":"INSIGHT VACATIONS CANADA"}
{"_id":{"$numberInt":"1620"},"SupplierId":{"$numberInt":"1620"},"SupName":"INTAIR VACATIONS"}
{"_id":{"$numberInt":"1634"},"SupplierId":{"$numberInt":"1634"},"SupName":"ISLANDS IN THE SUN CRUISE"}
{"_id":{"$numberInt":"1685"},"SupplierId":{"$numberInt":"1685"},"SupName":"GOWAY TRAVEL LTD."}
{"_id":{"$numberInt":"1713"},"SupplierId":{"$numberInt":"1713"},"SupName":"JETPACIFIC HOLIDAYS INC"}
{"_id":{"$numberInt":"1766"},"SupplierId":{"$numberInt":"1766"},"SupName":"KLM ROYAL DUTCH AIRLINES"}
{"_id":{"$numberInt":"1859"},"SupplierId":{"$numberInt":"1859"},"SupName":"LOTUS HOLIDAYS"}
{"_id":{"$numberInt":"1918"},"SupplierId":{"$numberInt":"1918"},"SupName":"MARKET SQUARE TOURS"}
{"_id":{"$numberInt":"2140"},"SupplierId":{"$numberInt":"2140"},"SupName":"NAGEL TOURS LTD"}
{"_id":{"$numberInt":"2386"},"SupplierId":{"$numberInt":"2386"},"SupName":"PAVLIK TRAVEL GROUP"}
{"_id":{"$numberInt":"2466"},"SupplierId":{"$numberInt":"2466"},"SupName":"PLANET FRANCE/PLANET EURO"}
{"_id":{"$numberInt":"2588"},"SupplierId":{"$numberInt":"2588"},"SupName":"UNIQUE VACATIONS (CANADA)"}
{"_id":{"$numberInt":"2592"},"SupplierId":{"$numberInt":"2592"},"SupName":"ESPRIT/SERVICENTRE HOLIDAYS"}
{"_id":{"$numberInt":"2827"},"SupplierId":{"$numberInt":"2827"},"SupName":"SOUTH WIND TOURS LTD."}
{"_id":{"$numberInt":"2938"},"SupplierId":{"$numberInt":"2938"},"SupName":"SUN & LEISURE TRAVEL CORP."}
{"_id":{"$numberInt":"2987"},"SupplierId":{"$numberInt":"2987"},"SupName":"TOURCAN VACATIONS INC"}
{"_id":{"$numberInt":"2998"},"SupplierId":{"$numberInt":"2998"},"SupName":"ALIOTOURS"}
{"_id":{"$numberInt":"3119"},"SupplierId":{"$numberInt":"3119"},"SupName":"MEDIAN AVIATION RESOURCES"}
{"_id":{"$numberInt":"3212"},"SupplierId":{"$numberInt":"3212"},"SupName":"TREK HOLIDAYS"}
{"_id":{"$numberInt":"3273"},"SupplierId":{"$numberInt":"3273"},"SupName":"MARKETING AHEAD"}
{"_id":{"$numberInt":"3376"},"SupplierId":{"$numberInt":"3376"},"SupName":"MARTINAIR SERVICES"}
{"_id":{"$numberInt":"3549"},"SupplierId":{"$numberInt":"3549"},"SupName":"BONANZA HOLIDAYS"}
{"_id":{"$numberInt":"3576"},"SupplierId":{"$numberInt":"3576"},"SupName":"BLUE DANUBE HOLIDAYS"}
{"_id":{"$numberInt":"3589"},"SupplierId":{"$numberInt":"3589"},"SupName":"G.A.P ADVENTURES INC."}
{"_id":{"$numberInt":"3600"},"SupplierId":{"$numberInt":"3600"},"SupName":"GOLDEN ESCAPES"}
{"_id":{"$numberInt":"3622"},"SupplierId":{"$numberInt":"3622"},"SupName":"CHINA TRAVEL SERVICE (CAN)"}
{"_id":{"$numberInt":"3633"},"SupplierId":{"$numberInt":"3633"},"SupName":"VIP INTERNATIONAL"}
{"_id":{"$numberInt":"3650"},"SupplierId":{"$numberInt":"3650"},"SupName":"CUNARD LINES"}
{"_id":{"$numberInt":"4196"},"SupplierId":{"$numberInt":"4196"},"SupName":"TRAVEL STUDIO"}
{"_id":{"$numberInt":"5081"},"SupplierId":{"$numberInt":"5081"},"SupName":"ANHEUSER-BUSCH ADVENTURE"}
{"_id":{"$numberInt":"5228"},"SupplierId":{"$numberInt":"5228"},"SupName":"THE RMR GROUP INC"}
{"_id":{"$numberInt":"5492"},"SupplierId":{"$numberInt":"5492"},"SupName":"SKYWAYS INTERNATIONAL"}
{"_id":{"$numberInt":"5777"},"SupplierId":{"$numberInt":"5777"},"SupName":"TRAVEL BY RAIL"}
{"_id":{"$numberInt":"5796"},"SupplierId":{"$numberInt":"5796"},"SupName":"REPWORLD INC."}
{"_id":{"$numberInt":"5827"},"SupplierId":{"$numberInt":"5827"},"SupName":"RESORT MARKETING INC"}
{"_id":{"$numberInt":"5857"},"SupplierId":{"$numberInt":"5857"},"SupName":"TOURS OF EXPLORATION"}
{"_id":{"$numberInt":"6346"},"SupplierId":{"$numberInt":"6346"},"SupName":"PASSAGES EXPEDITIONS"}
{"_id":{"$numberInt":"6505"},"SupplierId":{"$numberInt":"6505"},"SupName":"TRADE WINDS ASSOCIATES"}
{"_id":{"$numberInt":"6550"},"SupplierId":{"$numberInt":"6550"},"SupName":"LTI TOURS"}
{"_id":{"$numberInt":"6873"},"SupplierId":{"$numberInt":"6873"},"SupName":"BIMAN BANGLADESH AIRLINES"}
{"_id":{"$numberInt":"7244"},"SupplierId":{"$numberInt":"7244"},"SupName":"WORLD ACCESS MARKETING"}
{"_id":{"$numberInt":"7377"},"SupplierId":{"$numberInt":"7377"},"SupName":"MAJESTIC TOURS"}
{"_id":{"$numberInt":"8089"},"SupplierId":{"$numberInt":"8089"},"SupName":"EXCLUSIVE TOURS"}
{"_id":{"$numberInt":"8837"},"SupplierId":{"$numberInt":"8837"},"SupName":"SCANDITOURS"}
{"_id":{"$numberInt":"9285"},"SupplierId":{"$numberInt":"9285"},"SupName":"JTB INTERNATIONAL (CANADA)"}
{"_id":{"$numberInt":"9323"},"SupplierId":{"$numberInt":"9323"},"SupName":"BONAVE"}
{"_id":{"$numberInt":"9396"},"SupplierId":{"$numberInt":"9396"},"SupName":"SKYLINK TICKET CENTRE"}
{"_id":{"$numberInt":"9766"},"SupplierId":{"$numberInt":"9766"},"SupName":"KINTETSU INTERNATIONAL"}
{"_id":{"$numberInt":"9785"},"SupplierId":{"$numberInt":"9785"},"SupName":"MANDITOURS INTL INC."}
{"_id":{"$numberInt":"11156"},"SupplierId":{"$numberInt":"11156"},"SupName":"ALITOURS INTERNATIONAL INC."}
{"_id":{"$numberInt":"11160"},"SupplierId":{"$numberInt":"11160"},"SupName":"TOTAL ADVANTAGE TRAVEL"}
{"_id":{"$numberInt":"11163"},"SupplierId":{"$numberInt":"11163"},"SupName":"D-TOUR MARKETING"}
{"_id":{"$numberInt":"11172"},"SupplierId":{"$numberInt":"11172"},"SupName":"MERIT TRAVEL GROUP INC."}
{"_id":{"$numberInt":"11174"},"SupplierId":{"$numberInt":"11174"},"SupName":"GRUPO TACA"}
{"_id":{"$numberInt":"11237"},"SupplierId":{"$numberInt":"11237"},"SupName":"DKM COACH LINES LTD"}
{"_id":{"$numberInt":"11549"},"SupplierId":{"$numberInt":"11549"},"SupName":"GO ACTIVE VACATIONS"}
{"_id":{"$numberInt":"12657"},"SupplierId":{"$numberInt":"12657"},"SupName":"SAAAI TRAVEL INC."}
{"_id":{"$numberInt":"13596"},"SupplierId":{"$numberInt":"13596"},"SupName":"A & TIC SUPPORT INC."}
